id,commune_name,commune_name_ascii,daira_name,daira_name_ascii,wilaya_code,wilaya_name,wilaya_name_ascii
22,تيمقتن,Timekten,أولف,Aoulef,01,أدرار,Adrar
6,بودة,Bouda,أدرار,Adrar,01,أدرار,Adrar
13,أولاد أحمد تيمي,Ouled Ahmed Timmi,أدرار,Adrar,01,أدرار,Adrar
1,أدرار,Adrar,أدرار,Adrar,01,أدرار,Adrar
9,فنوغيل,Fenoughil,فنوغيل,Fenoughil,01,أدرار,Adrar
10,إن زغمير,In Zghmir,زاوية كنتة,Zaouiat Kounta,01,أدرار,Adrar
16,رقان,Reggane,رقان,Reggane,01,أدرار,Adrar
17,سالي,Sali,رقان,Reggane,01,أدرار,Adrar
18,السبع,Sebaa,تسابيت,Tsabit,01,أدرار,Adrar
27,تسابيت,Tsabit,تسابيت,Tsabit,01,أدرار,Adrar
21,تامست,Tamest,فنوغيل,Fenoughil,01,أدرار,Adrar
20,تامنطيط,Tamantit,فنوغيل,Fenoughil,01,أدرار,Adrar
26,تيت,Tit,أولف,Aoulef,01,أدرار,Adrar
28,زاوية كنتة,Zaouiet Kounta,زاوية كنتة,Zaouiat Kounta,01,أدرار,Adrar
2,اقبلي,Akabli,أولف,Aoulef,01,أدرار,Adrar
4,أولف,Aoulef,أولف,Aoulef,01,أدرار,Adrar
60,تلعصة,Talassa,أبو الحسن,Abou El Hassane,02," الشلف",Chlef
63,الزبوجة,Zeboudja,الزبوجة,Zeboudja,02," الشلف",Chlef
41,الحجاج,El Hadjadj,أولاد بن عبد القادر,Ouled Ben Abdelkader,02," الشلف",Chlef
52,أولاد بن عبد القادر,Ouled Ben Abdelkader,أولاد بن عبد القادر,Ouled Ben Abdelkader,02," الشلف",Chlef
30,عين مران,Ain Merane,عين مران,Ain Merane,02," الشلف",Chlef
37,بريرة,Breira,بني حواء,Beni Haoua,02," الشلف",Chlef
51,أولاد عباس,Ouled Abbes,وادي الفضة,Oued Fodda,02," الشلف",Chlef
48,وادي الفضة,Oued Fodda,وادي الفضة,Oued Fodda,02," الشلف",Chlef
34,بني راشد,Beni Rached,وادي الفضة,Oued Fodda,02," الشلف",Chlef
45,الهرانفة,Herenfa,عين مران,Ain Merane,02," الشلف",Chlef
59,تاجنة,Tadjena,أبو الحسن,Abou El Hassane,02," الشلف",Chlef
43,المرسى,El Marsa,المرسى,El Marsa,02," الشلف",Chlef
39,الشلف,Chlef,الشلف,Chlef,02," الشلف",Chlef
54,أم الدروع,Oum Drou,الشلف,Chlef,02," الشلف",Chlef
55,سنجاس,Sendjas,الشلف,Chlef,02," الشلف",Chlef
56,سيدي عبد الرحمن,Sidi Abderrahmane,تنس,Tenes,02," الشلف",Chlef
57,سيدي عكاشة,Sidi Akkacha,تنس,Tenes,02," الشلف",Chlef
62,تنس,Tenes,تنس,Tenes,02," الشلف",Chlef
32,بني بوعتاب,Beni  Bouattab,الكريمية,El Karimia,02," الشلف",Chlef
42,الكريمية,El Karimia,الكريمية,El Karimia,02," الشلف",Chlef
44,حرشون,Harchoun,الكريمية,El Karimia,02," الشلف",Chlef
36,بوزغاية,Bouzeghaia,الزبوجة,Zeboudja,02," الشلف",Chlef
61,تاوقريت,Taougrit,تاوقريت,Taougrit,02," الشلف",Chlef
33,بني حواء,Beni Haoua,بني حواء,Beni Haoua,02," الشلف",Chlef
29,أبو الحسن,Abou El Hassane,أبو الحسن,Abou El Hassane,02," الشلف",Chlef
49,وادي قوسين,Oued Goussine,بني حواء,Beni Haoua,02," الشلف",Chlef
38,الشطية,Chettia,أولاد فارس,Ouled Fares,02," الشلف",Chlef
47,مصدق,Moussadek,المرسى,El Marsa,02," الشلف",Chlef
53,أولاد فارس,Ouled Fares,أولاد فارس,Ouled Fares,02," الشلف",Chlef
35,بوقادير,Boukadir,بوقادير,Boukadir,02," الشلف",Chlef
50,وادي سلي,Oued Sly,بوقادير,Boukadir,02," الشلف",Chlef
58,الصبحة,Sobha,بوقادير,Boukadir,02," الشلف",Chlef
31,بنايرية,Benairia,الزبوجة,Zeboudja,02," الشلف",Chlef
46,الأبيض مجاجة,Labiod Medjadja,أولاد فارس,Ouled Fares,02," الشلف",Chlef
40,الظهرة,Dahra,تاوقريت,Taougrit,02," الشلف",Chlef
67,البيضاء,El Beidha,قتلة سيدي سعيد,Gueltat Sidi Saad,03,الأغواط,Laghouat
73,قلتة سيدي سعد,Gueltat Sidi Saad,قتلة سيدي سعيد,Gueltat Sidi Saad,03,الأغواط,Laghouat
69,بريدة,Brida,بريدة,Brida,03,الأغواط,Laghouat
66,عين سيدي علي,Ain Sidi Ali,قتلة سيدي سعيد,Gueltat Sidi Saad,03,الأغواط,Laghouat
85,تاجموت,Tadjemout,عين ماضي,Ain Madhi,03,الأغواط,Laghouat
74,الحاج مشري,Hadj Mechri,بريدة,Brida,03,الأغواط,Laghouat
87,تاويالة,Taouiala,بريدة,Brida,03,الأغواط,Laghouat
71,الغيشة,El Ghicha,الغيشة,El Ghicha,03,الأغواط,Laghouat
86,تاجرونة,Tadjrouna,عين ماضي,Ain Madhi,03,الأغواط,Laghouat
82,سبقاق,Sebgag,أفلو,Aflou,03,الأغواط,Laghouat
83,سيدي بوزيد,Sidi Bouzid,أفلو,Aflou,03,الأغواط,Laghouat
80,وادي مرة,Oued Morra,وادي مرة,Oued Morra,03,الأغواط,Laghouat
79,الأغواط,Laghouat,الأغواط,Laghouat,03,الأغواط,Laghouat
81,وادي مزي,Oued M'zi,وادي مرة,Oued Morra,03,الأغواط,Laghouat
78,قصر الحيران,Ksar El Hirane,قصر الحيران,Ksar El Hirane,03,الأغواط,Laghouat
70,العسافية,El Assafia,سيدي مخلوف,Sidi Makhlouf,03,الأغواط,Laghouat
84,سيدي مخلوف,Sidi Makhlouf,سيدي مخلوف,Sidi Makhlouf,03,الأغواط,Laghouat
75,حاسي الدلاعة,Hassi Delaa,حاسي الرمل,Hassi R'mel,03,الأغواط,Laghouat
76,حاسي الرمل,Hassi R'mel,حاسي الرمل,Hassi R'mel,03,الأغواط,Laghouat
65,عين ماضي,Ain Madhi,عين ماضي,Ain Madhi,03,الأغواط,Laghouat
72,الحويطة,El Haouaita,عين ماضي,Ain Madhi,03,الأغواط,Laghouat
77,الخنق,Kheneg,عين ماضي,Ain Madhi,03,الأغواط,Laghouat
68,بن ناصر بن شهرة,Benacer Benchohra,قصر الحيران,Ksar El Hirane,03,الأغواط,Laghouat
64,أفلو,Aflou,أفلو,Aflou,03,الأغواط,Laghouat
104,فكيرينة,Fkirina,فكيرينة,F'kirina,04,أم البواقي,Oum El Bouaghi
102,الفجوج بوغرارة سعودي,El Fedjoudj Boughrara Sa,عين فكرون,Ain Fekroun,04,أم البواقي,Oum El Bouaghi
91,عين فكرون,Ain Fekroun,عين فكرون,Ain Fekroun,04,أم البواقي,Oum El Bouaghi
113,الرحية,Rahia,مسكيانة,Meskiana,04,أم البواقي,Oum El Bouaghi
107,مسكيانة,Meskiana,مسكيانة,Meskiana,04,أم البواقي,Oum El Bouaghi
100,البلالة,El Belala,مسكيانة,Meskiana,04,أم البواقي,Oum El Bouaghi
95,بحير الشرقي,Behir Chergui,مسكيانة,Meskiana,04,أم البواقي,Oum El Bouaghi
106,قصر الصباحي,Ksar Sbahi,قصر الصباحي,Ksar Sbahi,04,أم البواقي,Oum El Bouaghi
115,سوق نعمان,Souk Naamane,سوق نعمان,Souk Naamane,04,أم البواقي,Oum El Bouaghi
111,أولاد زواي,Ouled Zouai,سوق نعمان,Souk Naamane,04,أم البواقي,Oum El Bouaghi
112,أم البواقي,Oum El Bouaghi,أم البواقي,Oum El Bouaghi,04,أم البواقي,Oum El Bouaghi
88,عين ببوش,Ain Babouche,عين ببوش,Ain Babouche,04,أم البواقي,Oum El Bouaghi
94,عين الزيتون,Ain Zitoun,أم البواقي,Oum El Bouaghi,04,أم البواقي,Oum El Bouaghi
97,بئر الشهداء,Bir Chouhada,سوق نعمان,Souk Naamane,04,أم البواقي,Oum El Bouaghi
89,عين البيضاء,Ain Beida,عين البيضاء,Ain Beida,04,أم البواقي,Oum El Bouaghi
96,بريش,Berriche,عين البيضاء,Ain Beida,04,أم البواقي,Oum El Bouaghi
116,الزرق,Zorg,عين البيضاء,Ain Beida,04,أم البواقي,Oum El Bouaghi
93,عين مليلة,Ain M'lila,عين مليلة,Ain M'lila,04,أم البواقي,Oum El Bouaghi
109,أولاد قاسم,Ouled Gacem,عين مليلة,Ain M'lila,04,أم البواقي,Oum El Bouaghi
110,أولاد حملة,Ouled Hamla,عين مليلة,Ain M'lila,04,أم البواقي,Oum El Bouaghi
99,العامرية,El Amiria,سيقوس,Sigus,04,أم البواقي,Oum El Bouaghi
114,سيقوس,Sigus,سيقوس,Sigus,04,أم البواقي,Oum El Bouaghi
108,وادي نيني,Oued Nini,فكيرينة,F'kirina,04,أم البواقي,Oum El Bouaghi
90,عين الديس,Ain Diss,عين ببوش,Ain Babouche,04,أم البواقي,Oum El Bouaghi
98,الضلعة,Dhalaa,الضلعة,Dhalaa,04,أم البواقي,Oum El Bouaghi
101,الجازية,El Djazia,الضلعة,Dhalaa,04,أم البواقي,Oum El Bouaghi
92,عين كرشة,Ain Kercha,عين كرشة,Ain Kercha,04,أم البواقي,Oum El Bouaghi
103,الحرملية,El Harmilia,عين كرشة,Ain Kercha,04,أم البواقي,Oum El Bouaghi
105,هنشير تومغني,Hanchir Toumghani,عين كرشة,Ain Kercha,04,أم البواقي,Oum El Bouaghi
150,معافة,Maafa,عين التوتة,Ain Touta,05,باتنة,Batna
139,القصبات,Gosbat,رأس العيون,Ras El Aioun,05,باتنة,Batna
176,تيمقاد,Timgad,تيمقاد,Timgad,05,باتنة,Batna
170,تاكسلانت,Taxlent,أولاد سي سليمان,Ouled Si Slimane,05,باتنة,Batna
161,أولاد سي سليمان,Ouled Si Slimane,أولاد سي سليمان,Ouled Si Slimane,05,باتنة,Batna
148,لمسان,Lemcene,أولاد سي سليمان,Ouled Si Slimane,05,باتنة,Batna
169,تالخمت,Talkhamt,رأس العيون,Ras El Aioun,05,باتنة,Batna
164,رأس العيون,Ras El Aioun,رأس العيون,Ras El Aioun,05,باتنة,Batna
163,الرحبات,Rahbat,رأس العيون,Ras El Aioun,05,باتنة,Batna
160,أولاد سلام,Ouled Sellem,رأس العيون,Ras El Aioun,05,باتنة,Batna
140,القيقبة,Guigba,رأس العيون,Ras El Aioun,05,باتنة,Batna
172,ثنية العابد,Teniet El Abed,ثنية العابد,Theniet El Abed,05,باتنة,Batna
123,باتنة,Batna,باتنة,Batna,05,باتنة,Batna
136,فسديس,Fesdis,باتنة,Batna,05,باتنة,Batna
154,وادي الشعبة,Oued Chaaba,باتنة,Batna,05,باتنة,Batna
141,حيدوسة,Hidoussa,مروانة,Merouana,05,باتنة,Batna
145,قصر بلزمة,Ksar Bellezma,مروانة,Merouana,05,باتنة,Batna
152,مروانة,Merouana,مروانة,Merouana,05,باتنة,Batna
155,وادي الماء,Oued El Ma,مروانة,Merouana,05,باتنة,Batna
147,لازرو,Lazrou,سريانة,Seriana,05,باتنة,Batna
167,سريانة,Seriana,سريانة,Seriana,05,باتنة,Batna
177,زانة البيضاء,Zanet El Beida,سريانة,Seriana,05,باتنة,Batna
151,منعة,Menaa,منعة,Menaa,05,باتنة,Batna
174,تغرغار,Tigharghar,منعة,Menaa,05,باتنة,Batna
119,عين ياقوت,Ain Yagout,المعذر,El Madher,05,باتنة,Batna
128,بومية,Boumia,المعذر,El Madher,05,باتنة,Batna
132,جرمة,Djerma,المعذر,El Madher,05,باتنة,Batna
135,المعذر,El Madher,المعذر,El Madher,05,باتنة,Batna
162,عيون العصافير,Ouyoun El Assafir,تازولت,Tazoult,05,باتنة,Batna
171,تازولت,Tazoult,تازولت,Tazoult,05,باتنة,Batna
127,بومقر,Boumagueur,نقاوس,N'gaous,05,باتنة,Batna
153,نقاوس,N Gaous,نقاوس,N'gaous,05,باتنة,Batna
165,سفيان,Sefiane,نقاوس,N'gaous,05,باتنة,Batna
120,أريس,Arris,أريس,Arris,05,باتنة,Batna
173,تيغانمين,Tighanimine,أريس,Arris,05,باتنة,Batna
117,عين جاسر,Ain Djasser,عين جاسر,Ain Djasser,05,باتنة,Batna
134,الحاسي,El Hassi,عين جاسر,Ain Djasser,05,باتنة,Batna
166,سقانة,Seggana,سقانة,Seggana,05,باتنة,Batna
175,تيلاطو,Tilatou,سقانة,Seggana,05,باتنة,Batna
137,فم الطوب,Foum Toub,إشمول,Ichemoul,05,باتنة,Batna
142,إشمول,Ichemoul,إشمول,Ichemoul,05,باتنة,Batna
143,إينوغيسن,Inoughissen,إشمول,Ichemoul,05,باتنة,Batna
129,بوزينة,Bouzina,بوزينة,Bouzina,05,باتنة,Batna
146,لارباع,Larbaa,بوزينة,Bouzina,05,باتنة,Batna
126,بولهيلات,Boulhilat,الشمرة,Chemora,05,باتنة,Batna
130,الشمرة,Chemora,الشمرة,Chemora,05,باتنة,Batna
122,بريكة,Barika,بريكة,Barika,05,باتنة,Batna
125,بيطام,Bitam,بريكة,Barika,05,باتنة,Batna
149,إمدوكل,M Doukal,بريكة,Barika,05,باتنة,Batna
121,عزيل عبد القادر,Azil Abedelkader,الجزار,Djezzar,05,باتنة,Batna
133,الجزار,Djezzar,الجزار,Djezzar,05,باتنة,Batna
157,أولاد عمار,Ouled Ammar,الجزار,Djezzar,05,باتنة,Batna
138,غسيرة,Ghassira,تكوت,Tkout,05,باتنة,Batna
144,كيمل,Kimmel,تكوت,Tkout,05,باتنة,Batna
168,تكوت,T Kout,تكوت,Tkout,05,باتنة,Batna
118,عين التوتة,Ain Touta,عين التوتة,Ain Touta,05,باتنة,Batna
124,بني فضالة الحقانية,Beni Foudhala El Hakania,عين التوتة,Ain Touta,05,باتنة,Batna
159,أولاد فاضل,Ouled Fadel,تيمقاد,Timgad,05,باتنة,Batna
158,أولاد عوف,Ouled Aouf,عين التوتة,Ain Touta,05,باتنة,Batna
131,شير,Chir,ثنية العابد,Theniet El Abed,05,باتنة,Batna
156,وادي الطاقة,Oued Taga,ثنية العابد,Theniet El Abed,05,باتنة,Batna
212,سيدي عياد,Sidi Ayad,سيدي عيش,Sidi Aich,06," بجاية",Béjaïa
186,برباشة,Barbacha,برباشة,Barbacha,06," بجاية",Béjaïa
199,الفلاي,Leflaye,سيدي عيش,Sidi Aich,06," بجاية",Béjaïa
206,كنديرة,Kendira,برباشة,Barbacha,06," بجاية",Béjaïa
213,سيدي عيش,Sidi-Aich,سيدي عيش,Sidi Aich,06," بجاية",Béjaïa
225,تيفرة,Tifra,سيدي عيش,Sidi Aich,06," بجاية",Béjaïa
227,تينبدار,Tinebdar,سيدي عيش,Sidi Aich,06," بجاية",Béjaïa
200,القصر,El Kseur,القصر,El Kseur,06," بجاية",Béjaïa
201,فناية الماثن,Fenaia Il Maten,القصر,El Kseur,06," بجاية",Béjaïa
229,توجة,Toudja,القصر,El Kseur,06," بجاية",Béjaïa
198,ذراع القايد,Dra El Caid,خراطة,Kherrata,06," بجاية",Béjaïa
207,خراطة,Kherrata,خراطة,Kherrata,06," بجاية",Béjaïa
187,بجاية,Bejaia,بجاية,Bejaia,06," بجاية",Béjaïa
210,وادي غير,Oued Ghir,بجاية,Bejaia,06," بجاية",Béjaïa
191,بني معوش,Benimaouche,بني معوش,Beni Maouche,06," بجاية",Béjaïa
188,بني جليل,Beni Djellil,أميزور,Amizour,06," بجاية",Béjaïa
202,فرعون,Feraoun,أميزور,Amizour,06," بجاية",Béjaïa
214,سمعون,Smaoun,أميزور,Amizour,06," بجاية",Béjaïa
226,تيمزريت,Timezrit,تيمزريت,Timezrit,06," بجاية",Béjaïa
209,مالبو,Melbou,سوق الإثنين,Souk El Tenine,06," بجاية",Béjaïa
215,سوق لإثنين,Souk El Tenine,سوق الإثنين,Souk El Tenine,06," بجاية",Béjaïa
219,تامريجت,Tamridjet,سوق الإثنين,Souk El Tenine,06," بجاية",Béjaïa
194,بوخليفة,Boukhelifa,تيشي,Tichy,06," بجاية",Béjaïa
217,تالة حمزة,Tala Hamza,تيشي,Tichy,06," بجاية",Béjaïa
224,تيشي,Tichy,تيشي,Tichy,06," بجاية",Béjaïa
179,أيت رزين,Ait R'zine,إغيل علي,Ighil Ali,06," بجاية",Béjaïa
204,إغيل علي,Ighil-Ali,إغيل علي,Ighil Ali,06," بجاية",Béjaïa
180,أيت إسماعيل,Ait-Smail,درقينة,Darguina,06," بجاية",Béjaïa
197,درقينة,Darguina,درقينة,Darguina,06," بجاية",Béjaïa
221,تاسكريوت,Taskriout,درقينة,Darguina,06," بجاية",Béjaïa
185,أوقاس,Aokas,أوقاس,Aokas,06," بجاية",Béjaïa
228,تيزي نبربر,Tizi-N'berber,أوقاس,Aokas,06," بجاية",Béjaïa
178,أدكار,Adekar,أدكار,Adekar,06," بجاية",Béjaïa
189,بني كسيلة,Beni K'sila,أدكار,Adekar,06," بجاية",Béjaïa
220,تاوريرت إغيل,Taourit Ighil,أدكار,Adekar,06," بجاية",Béjaïa
181,أقبو,Akbou,أقبو,Akbou,06," بجاية",Béjaïa
195,شلاطة,Chellata,أقبو,Akbou,06," بجاية",Béjaïa
205,اغرم,Ighram,أقبو,Akbou,06," بجاية",Béjaïa
218,تامقرة,Tamokra,أقبو,Akbou,06," بجاية",Béjaïa
183,أمالو,Amalou,صدوق,Seddouk,06," بجاية",Béjaïa
193,بوحمزة,Bouhamza,صدوق,Seddouk,06," بجاية",Béjaïa
208,مسيسنة,M'cisna,صدوق,Seddouk,06," بجاية",Béjaïa
211,صدوق,Seddouk,صدوق,Seddouk,06," بجاية",Béjaïa
190,بني مليكش,Beni-Mallikeche,تازملت,Tazmalt,06," بجاية",Béjaïa
192,بو جليل,Boudjellil,تازملت,Tazmalt,06," بجاية",Béjaïa
222,تازمالت,Tazmalt,تازملت,Tazmalt,06," بجاية",Béjaïa
182,أكفادو,Akfadou,شميني,Chemini,06," بجاية",Béjaïa
196,شميني,Chemini,شميني,Chemini,06," بجاية",Béjaïa
216,سوق اوفلا,Souk Oufella,شميني,Chemini,06," بجاية",Béjaïa
223,طيبان,Tibane,شميني,Chemini,06," بجاية",Béjaïa
203,أوزلاقن,Ouzellaguen,إفري أوزلاقن,Ifri Ouzellaguene,06," بجاية",Béjaïa
184,أميزور,Amizour,أميزور,Amizour,06," بجاية",Béjaïa
241,الفيض,El Feidh,زريبة الوادي,Zeribet El Oued,07,بسكرة,Biskra
249,ليشانة,Lichana,طولقة,Tolga,07,بسكرة,Biskra
235,بوشقرون,Bouchakroun,طولقة,Tolga,07,بسكرة,Biskra
252,مخادمة,Mekhadma,أورلال,Ourlal,07,بسكرة,Biskra
239,جمورة,Djemorah,جمورة,Djemorah,07,بسكرة,Biskra
236,برانيس,Branis,جمورة,Djemorah,07,بسكرة,Biskra
246,الوطاية,El Outaya,الوطاية,El Outaya,07,بسكرة,Biskra
245,القنطرة,El Kantara,القنطرة,El Kantara,07,بسكرة,Biskra
248,خنقة سيدي ناجي,Khenguet Sidi Nadji,زريبة الوادي,Zeribet El Oued,07,بسكرة,Biskra
231,عين زعطوط,Ain Zaatout,القنطرة,El Kantara,07,بسكرة,Biskra
262,زريبة الوادي,Zeribet El Oued,زريبة الوادي,Zeribet El Oued,07,بسكرة,Biskra
253,المزيرعة,Meziraa,زريبة الوادي,Zeribet El Oued,07,بسكرة,Biskra
233,بسكرة,Biskra,بسكرة,Biskra,07,بسكرة,Biskra
243,الحاجب,El Hadjab,بسكرة,Biskra,07,بسكرة,Biskra
254,مليلي,M'lili,أورلال,Ourlal,07,بسكرة,Biskra
247,فوغالة,Foughala,فوغالة,Foughala,07,بسكرة,Biskra
242,الغروس,El Ghrous,فوغالة,Foughala,07,بسكرة,Biskra
234,برج بن عزوز,Bordj Ben Azzouz,طولقة,Tolga,07,بسكرة,Biskra
257,أورلال,Ourlal,أورلال,Ourlal,07,بسكرة,Biskra
256,أوماش,Oumache,أورلال,Ourlal,07,بسكرة,Biskra
230,عين الناقة,Ain Naga,سيدي عقبة,Sidi Okba,07,بسكرة,Biskra
238,شتمة,Chetma,سيدي عقبة,Sidi Okba,07,بسكرة,Biskra
244,الحوش,El Haouch,سيدي عقبة,Sidi Okba,07,بسكرة,Biskra
260,سيدي عقبة,Sidi Okba,سيدي عقبة,Sidi Okba,07,بسكرة,Biskra
251,مشونش,M'chouneche,مشونش,Mechouneche,07,بسكرة,Biskra
250,ليوة,Lioua,أورلال,Ourlal,07,بسكرة,Biskra
261,طولقة,Tolga,طولقة,Tolga,07,بسكرة,Biskra
264,بشار,Bechar,بشار,Bechar,08,بشار,Béchar
268,بوكايس,Boukais,لحمر,Lahmar,08,بشار,Béchar
275,لحمر,Lahmar,لحمر,Lahmar,08,بشار,Béchar
278,موغل,Mogheul,لحمر,Lahmar,08,بشار,Béchar
277,المريجة,Meridja,القنادسة,Kenadsa,08,بشار,Béchar
281,تاغيت,Taghit,تاغيت,Taghit,08,بشار,Béchar
263,العبادلة,Abadla,العبادلة,Abadla,08,بشار,Béchar
270,عرق فراج,Erg-Ferradj,العبادلة,Abadla,08,بشار,Béchar
276,مشرع هواري بومدين,Machraa-Houari-Boumediene,العبادلة,Abadla,08,بشار,Béchar
267,بني ونيف,Beni-Ounif,بني ونيف,Beni Ounif,08,بشار,Béchar
280,تبلبالة,Tabelbala,تبلبالة,Tabelbala,08,بشار,Béchar
272,القنادسة,Kenadsa,القنادسة,Kenadsa,08,بشار,Béchar
285,بني مراد,Beni Mered,أولاد يعيش,Ouled Yaich,09,البليدة,Blida
305,اولاد سلامة,Ouled Slama,بوقرة,Bougara,09,البليدة,Blida
302,موزاية,Mouzaia,موزاية,Mouzaia,09,البليدة,Blida
299,حمام ملوان,Hammam Elouane,بوقرة,Bougara,09,البليدة,Blida
291,بوقرة,Bougara,بوقرة,Bougara,09,البليدة,Blida
307,صوحان,Souhane,الأربعاء,Larbaa,09,البليدة,Blida
300,الأربعاء,Larbaa,الأربعاء,Larbaa,09,البليدة,Blida
308,الصومعة,Soumaa,بوفاريك,Boufarik,09,البليدة,Blida
298,قرواو,Guerrouaou,بوفاريك,Boufarik,09,البليدة,Blida
290,بوفاريك,Boufarik,بوفاريك,Boufarik,09,البليدة,Blida
301,مفتاح,Meftah,مفتاح,Meftah,09,البليدة,Blida
294,الشفة,Chiffa,موزاية,Mouzaia,09,البليدة,Blida
284,عين الرمانة,Ain Romana,موزاية,Mouzaia,09,البليدة,Blida
303,وادي جر,Oued  Djer,العفرون,El Affroun,09,البليدة,Blida
297,العفرون,El-Affroun,العفرون,El Affroun,09,البليدة,Blida
306,أولاد يعيش,Ouled Yaich,أولاد يعيش,Ouled Yaich,09,البليدة,Blida
295,الشريعة,Chrea,أولاد يعيش,Ouled Yaich,09,البليدة,Blida
296,جبابرة,Djebabra,مفتاح,Meftah,09,البليدة,Blida
304,وادي العلايق,Oued El Alleug,وادي العلايق,Oued El Alleug,09,البليدة,Blida
287,بن خليل,Benkhelil,وادي العلايق,Oued El Alleug,09,البليدة,Blida
286,بني تامو,Beni-Tamou,وادي العلايق,Oued El Alleug,09,البليدة,Blida
293,الشبلي,Chebli,بوعينان,Bouinan,09,البليدة,Blida
292,بوعينان,Bouinan,بوعينان,Bouinan,09,البليدة,Blida
289,بوعرفة,Bouarfa,البليدة,Blida,09,البليدة,Blida
288,البليدة,Blida,البليدة,Blida,09,البليدة,Blida
312,عين العلوي,Ain Laloui,عين بسام,Ain Bessem,10,البويرة,Bouira
334,الحجرة الزرقاء,Hadjera Zerga,برج أوخريص,Bordj Okhriss,10,البويرة,Bouira
342,مزدور,Mezdour,برج أوخريص,Bordj Okhriss,10,البويرة,Bouira
351,تاقديت,Taguedite,برج أوخريص,Bordj Okhriss,10,البويرة,Bouira
346,ريدان,Ridane,سور الغزلان,Sour El Ghozlane,10,البويرة,Bouira
341,المعمورة,Maamora,سور الغزلان,Sour El Ghozlane,10,البويرة,Bouira
331,الحاكمية,El-Hakimia,سور الغزلان,Sour El Ghozlane,10,البويرة,Bouira
310,أهل القصر,Ahl El Ksar,بشلول,Bechloul,10,البويرة,Bouira
325,ديرة,Dirah,سور الغزلان,Sour El Ghozlane,10,البويرة,Bouira
324,الدشمية,Dechmia,سور الغزلان,Sour El Ghozlane,10,البويرة,Bouira
317,بشلول,Bechloul,بشلول,Bechloul,10,البويرة,Bouira
352,آث  منصور,Ath Mansour,مشد الله,M'chedallah,10,البويرة,Bouira
347,سحاريج,Saharidj,مشد الله,M'chedallah,10,البويرة,Bouira
327,العجيبة,El Adjiba,بشلول,Bechloul,10,البويرة,Bouira
328,الأسنام,El Asnam,بشلول,Bechloul,10,البويرة,Bouira
339,أمشدالة,M Chedallah,مشد الله,M'chedallah,10,البويرة,Bouira
319,برج أوخريص,Bordj Okhriss,برج أوخريص,Bordj Okhriss,10,البويرة,Bouira
349,سور الغزلان,Sour El Ghozlane,سور الغزلان,Sour El Ghozlane,10,البويرة,Bouira
336,حنيف,Hanif,مشد الله,M'chedallah,10,البويرة,Bouira
323,شرفة,Chorfa,مشد الله,M'chedallah,10,البويرة,Bouira
344,أولاد راشد,Ouled Rached,بشلول,Bechloul,10,البويرة,Bouira
311,عين الحجر,Ain El Hadjar,عين بسام,Ain Bessem,10,البويرة,Bouira
309,أغبالو,Aghbalou,مشد الله,M'chedallah,10,البويرة,Bouira
345,روراوة,Raouraoua,بئر غبالو,Bir Ghbalou,10,البويرة,Bouira
330,الخبوزية,El Khabouzia,بئر غبالو,Bir Ghbalou,10,البويرة,Bouira
318,بئر غبالو,Bir Ghbalou,بئر غبالو,Bir Ghbalou,10,البويرة,Bouira
321,البويرة,Bouira,البويرة,Bouira,10,البويرة,Bouira
313,عين الترك,Ain Turk,البويرة,Bouira,10,البويرة,Bouira
315,أيت لعزيز,Ait Laaziz,البويرة,Bouira,10,البويرة,Bouira
314,عين بسام,Ain-Bessem,عين بسام,Ain Bessem,10,البويرة,Bouira
332,المقراني,El-Mokrani,سوق الخميس,Souk El Khemis,10,البويرة,Bouira
348,سوق الخميس,Souk El Khemis,سوق الخميس,Souk El Khemis,10,البويرة,Bouira
316,أعمر,Aomar,القادرية,Kadiria,10,البويرة,Bouira
326,جباحية,Djebahia,القادرية,Kadiria,10,البويرة,Bouira
329,الهاشمية,El Hachimia,الهاشمية,El Hachimia,10,البويرة,Bouira
335,حيزر,Haizer,الحيزر,Haizer,10,البويرة,Bouira
350,تاغزوت,Taghzout,الحيزر,Haizer,10,البويرة,Bouira
320,بودربالة,Bouderbala,الأخضرية,Lakhdaria,10,البويرة,Bouira
322,بوكرم,Boukram,الأخضرية,Lakhdaria,10,البويرة,Bouira
333,قرومة,Guerrouma,الأخضرية,Lakhdaria,10,البويرة,Bouira
338,الأخضرية,Lakhdaria,الأخضرية,Lakhdaria,10,البويرة,Bouira
340,معلة,Maala,الأخضرية,Lakhdaria,10,البويرة,Bouira
337,قادرية,Kadiria,القادرية,Kadiria,10,البويرة,Bouira
353,زبربر,Z'barbar (El Isseri ),الأخضرية,Lakhdaria,10,البويرة,Bouira
343,وادي البردي,Oued El Berdi,الهاشمية,El Hachimia,10,البويرة,Bouira
362,تاظروك,Tazrouk,تاظروك,Tazrouk,11,تمنراست,Tamanrasset
354,ابلسة,Abelsa,سيلت,Silet,11,تمنراست,Tamanrasset
361,تمنراست,Tamanrasset,تمنراست,Tamanrasset,11,تمنراست,Tamanrasset
355,عين امقل,Ain Amguel,تمنراست,Tamanrasset,11,تمنراست,Tamanrasset
359,أدلس,Idles,تاظروك,Tazrouk,11,تمنراست,Tamanrasset
380,الحويجبات,El-Houidjbet,الماء الابيض,El Malabiod,12,تبسة,Tébessa
379,العوينات,El-Aouinet,العوينات,El Aouinet,12,تبسة,Tébessa
381,فركان,Ferkane,نقرين,Negrine,12,تبسة,Tébessa
385,نقرين,Negrine,نقرين,Negrine,12,تبسة,Tébessa
368,بئر مقدم,Bir Mokkadem,بئر مقدم,Bir Mokadem,12,تبسة,Tébessa
367,بئر الذهب,Bir Dheheb,مرسط,Morsott,12,تبسة,Tébessa
388,صفصاف الوسرى,Saf Saf El Ouesra,أم علي,Oum Ali,12,تبسة,Tébessa
382,قريقر,Guorriguer,بئر مقدم,Bir Mokadem,12,تبسة,Tébessa
366,بكارية,Bekkaria,الكويف,El Kouif,12,تبسة,Tébessa
371,بولحاف الدير,Boulhaf Dyr,الكويف,El Kouif,12,تبسة,Tébessa
387,أم علي,Oum Ali,أم علي,Oum Ali,12,تبسة,Tébessa
370,بوخضرة,Boukhadra,العوينات,El Aouinet,12,تبسة,Tébessa
374,الماء الابيض,El Malabiod,الماء الابيض,El Malabiod,12,تبسة,Tébessa
386,الونزة,Ouenza,الونزة,Ouenza,12,تبسة,Tébessa
375,المريج,El Meridj,الونزة,Ouenza,12,تبسة,Tébessa
364,عين الزرقاء,Ain Zerga,الونزة,Ouenza,12,تبسة,Tébessa
389,سطح قنطيس,Stah Guentis,العقلة,El Ogla,12,تبسة,Tébessa
377,العقلة,El Ogla,العقلة,El Ogla,12,تبسة,Tébessa
376,المزرعة,El Mezeraa,العقلة,El Ogla,12,تبسة,Tébessa
365,بجن,Bedjene,العقلة,El Ogla,12,تبسة,Tébessa
384,مرسط,Morsott,مرسط,Morsott,12,تبسة,Tébessa
391,ثليجان,Telidjen,الشريعة,Cheria,12,تبسة,Tébessa
372,الشريعة,Cheria,الشريعة,Cheria,12,تبسة,Tébessa
378,العقلة المالحة,El Ogla El Malha,بئر العاتر,Bir El Ater,12,تبسة,Tébessa
369,بئر العاتر,Bir-El-Ater,بئر العاتر,Bir El Ater,12,تبسة,Tébessa
390,تبسة,Tebessa,تبسة,Tebessa,12,تبسة,Tébessa
383,الحمامات,Hammamet,بئر مقدم,Bir Mokadem,12,تبسة,Tébessa
373,الكويف,El Kouif,الكويف,El Kouif,12,تبسة,Tébessa
400,باب العسة,Bab El Assa,باب العسة,Bab El Assa,13,تلمسان,Tlemcen
441,تيرني بني هديل,Terny Beni Hediel,منصورة,Mansourah,13,تلمسان,Tlemcen
424,منصورة,Mansourah,منصورة,Mansourah,13,تلمسان,Tlemcen
404,بني مستر,Beni Mester,منصورة,Mansourah,13,تلمسان,Tlemcen
394,عين غرابة,Ain Ghoraba,منصورة,Mansourah,13,تلمسان,Tlemcen
411,شتوان,Chetouane,شتوان,Chetouane,13,تلمسان,Tlemcen
399,عمير,Amieur,شتوان,Chetouane,13,تلمسان,Tlemcen
393,عين فزة,Ain Fezza,شتوان,Chetouane,13,تلمسان,Tlemcen
422,هنين,Honnaine,هنين,Honnaine,13,تلمسان,Tlemcen
403,بني خلاد,Beni Khellad,هنين,Honnaine,13,تلمسان,Tlemcen
436,سيدي الجيلالي,Sidi Djillali,سيدي الجيلالي,Sidi Djillali,13,تلمسان,Tlemcen
410,البويهي,Bouihi,سيدي الجيلالي,Sidi Djillali,13,تلمسان,Tlemcen
427,ندرومة,Nedroma,ندرومة,Nedroma,13,تلمسان,Tlemcen
426,مسيردة الفواقة,M'sirda Fouaga,مرسى بن مهيدي,Marsa Ben Mehdi,13,تلمسان,Tlemcen
425,مرسى بن مهيدي,Marsa Ben M'hidi,مرسى بن مهيدي,Marsa Ben Mehdi,13,تلمسان,Tlemcen
437,سيدي مجاهد,Sidi Medjahed,بني بوسعيد,Beni Boussaid,13,تلمسان,Tlemcen
402,بني بوسعيد,Beni Boussaid,بني بوسعيد,Beni Boussaid,13,تلمسان,Tlemcen
434,سبدو,Sebdou,سبدو,Sebdou,13,تلمسان,Tlemcen
417,القور,El Gor,سبدو,Sebdou,13,تلمسان,Tlemcen
414,العريشة,El Aricha,سبدو,Sebdou,13,تلمسان,Tlemcen
409,بوحلو,Bouhlou,صبرة,Sabra,13,تلمسان,Tlemcen
423,مغنية,Maghnia,مغنية,Maghnia,13,تلمسان,Tlemcen
420,حمام بوغرارة,Hammam Boughrara,مغنية,Maghnia,13,تلمسان,Tlemcen
444,زناتة,Zenata,الحناية,Hennaya,13,تلمسان,Tlemcen
430,أولاد رياح,Ouled Riyah,الحناية,Hennaya,13,تلمسان,Tlemcen
421,الحناية,Hennaya,الحناية,Hennaya,13,تلمسان,Tlemcen
435,سيدي العبدلي,Sidi Abdelli,بن سكران,Bensekrane,13,تلمسان,Tlemcen
440,سوق الثلاثاء,Souk Tleta,باب العسة,Bab El Assa,13,تلمسان,Tlemcen
408,بن سكران,Bensekrane,بن سكران,Bensekrane,13,تلمسان,Tlemcen
418,فلاوسن,Fellaoucene,فلاوسن,Fellaoucene,13,تلمسان,Tlemcen
395,عين الكبيرة,Ain Kebira,فلاوسن,Fellaoucene,13,تلمسان,Tlemcen
392,عين فتاح,Ain Fetah,فلاوسن,Fellaoucene,13,تلمسان,Tlemcen
443,تلمسان,Tlemcen,تلمسان,Tlemcen,13,تلمسان,Tlemcen
396,عين النحالة,Ain Nehala,عين تالوت,Ain Tellout,13,تلمسان,Tlemcen
397,عين تالوت,Ain Tellout,عين تالوت,Ain Tellout,13,تلمسان,Tlemcen
398,عين يوسف,Ain Youcef,الرمشي,Remchi,13,تلمسان,Tlemcen
405,بني وارسوس,Beni Ouarsous,الرمشي,Remchi,13,تلمسان,Tlemcen
416,الفحول,El Fehoul,الرمشي,Remchi,13,تلمسان,Tlemcen
431,الرمشي,Remchi,الرمشي,Remchi,13,تلمسان,Tlemcen
433,سبعة شيوخ,Sebbaa Chioukh,الرمشي,Remchi,13,تلمسان,Tlemcen
439,السواني,Souani,باب العسة,Bab El Assa,13,تلمسان,Tlemcen
432,صبرة,Sabra,صبرة,Sabra,13,تلمسان,Tlemcen
412,دار يغمراسن,Dar Yaghmoracen,الغزوات,Ghazaouet,13,تلمسان,Tlemcen
419,الغزوات,Ghazaouet,الغزوات,Ghazaouet,13,تلمسان,Tlemcen
438,السواحلية,Souahlia,الغزوات,Ghazaouet,13,تلمسان,Tlemcen
442,تيانت,Tianet,الغزوات,Ghazaouet,13,تلمسان,Tlemcen
406,بني صميل,Beni Smiel,أولاد ميمون,Ouled Mimoun,13,تلمسان,Tlemcen
428,وادي الخضر,Oued Lakhdar,أولاد ميمون,Ouled Mimoun,13,تلمسان,Tlemcen
429,أولاد ميمون,Ouled Mimoun,أولاد ميمون,Ouled Mimoun,13,تلمسان,Tlemcen
401,بني بهدل,Beni Bahdel,بني سنوس,Beni Snous,13,تلمسان,Tlemcen
407,بني سنوس,Beni Snous,بني سنوس,Beni Snous,13,تلمسان,Tlemcen
415,العزايل,Azail,بني سنوس,Beni Snous,13,تلمسان,Tlemcen
413,جبالة,Djebala,ندرومة,Nedroma,13,تلمسان,Tlemcen
461,مهدية,Mahdia,مهدية,Mahdia,14,تيارت,Tiaret
447,عين دزاريت,Ain Dzarit,مهدية,Mahdia,14,تيارت,Tiaret
472,السبعين,Sebaine,مهدية,Mahdia,14,تيارت,Tiaret
455,الفايجة,Faidja,السوقر,Sougueur,14,تيارت,Tiaret
475,سي عبد الغني,Si Abdelghani,السوقر,Sougueur,14,تيارت,Tiaret
480,السوقر,Sougueur,السوقر,Sougueur,14,تيارت,Tiaret
485,توسنينة,Tousnina,السوقر,Sougueur,14,تيارت,Tiaret
465,مغيلة,Meghila,مغيلة,Meghila,14,تيارت,Tiaret
473,السبت,Sebt,مغيلة,Meghila,14,تيارت,Tiaret
479,سيدي حسني,Sidi Hosni,مغيلة,Meghila,14,تيارت,Tiaret
448,عين الحديد,Ain El Hadid,فرندة,Frenda,14,تيارت,Tiaret
456,فرندة,Frenda,فرندة,Frenda,14,تيارت,Tiaret
482,تخمرت,Takhemaret,فرندة,Frenda,14,تيارت,Tiaret
449,عين كرمس,Ain Kermes,عين كرمس,Ain Kermes,14,تيارت,Tiaret
453,جبيلات الرصفاء,Djebilet Rosfa,عين كرمس,Ain Kermes,14,تيارت,Tiaret
460,مادنة,Madna,عين كرمس,Ain Kermes,14,تيارت,Tiaret
463,مدريسة,Medrissa,عين كرمس,Ain Kermes,14,تيارت,Tiaret
476,سيدي عبد الرحمن,Sidi Abderrahmane,عين كرمس,Ain Kermes,14,تيارت,Tiaret
459,قصر الشلالة,Ksar Chellala,قصر الشلالة,Ksar Chellala,14,تيارت,Tiaret
457,قرطوفة,Guertoufa,رحوية,Rahouia,14,تيارت,Tiaret
474,سرغين,Serghine,قصر الشلالة,Ksar Chellala,14,تيارت,Tiaret
486,زمالة  الأمير عبد القادر,Zmalet El Emir Abdelkade,قصر الشلالة,Ksar Chellala,14,تيارت,Tiaret
469,وادي ليلي,Oued Lilli,وادي ليلي,Oued Lili,14,تيارت,Tiaret
477,سيدي علي ملال,Sidi Ali Mellal,وادي ليلي,Oued Lili,14,تيارت,Tiaret
454,جيلالي بن عمار,Djillali Ben Amar,مشرع الصفا,Mechraa Sfa,14,تيارت,Tiaret
462,مشرع الصفا,Mechraa Safa,مشرع الصفا,Mechraa Sfa,14,تيارت,Tiaret
481,تاقدمت,Tagdempt,مشرع الصفا,Mechraa Sfa,14,تيارت,Tiaret
450,بوقرة,Bougara,حمادية,Hamadia,14,تيارت,Tiaret
458,حمادية,Hamadia,حمادية,Hamadia,14,تيارت,Tiaret
471,الرشايقة,Rechaiga,حمادية,Hamadia,14,تيارت,Tiaret
484,تيدة,Tidda,وادي ليلي,Oued Lili,14,تيارت,Tiaret
467,الناظورة,Nadorah,مهدية,Mahdia,14,تيارت,Tiaret
483,تيارت,Tiaret,تيارت,Tiaret,14,تيارت,Tiaret
464,مدروسة,Medroussa,مدروسة,Medroussa,14,تيارت,Tiaret
466,ملاكو,Mellakou,مدروسة,Medroussa,14,تيارت,Tiaret
478,سيدي بختي,Sidi Bakhti,مدروسة,Medroussa,14,تيارت,Tiaret
446,عين الذهب,Ain Deheb,عين الذهب,Ain Deheb,14,تيارت,Tiaret
451,شحيمة,Chehaima,عين الذهب,Ain Deheb,14,تيارت,Tiaret
468,النعيمة,Naima,عين الذهب,Ain Deheb,14,تيارت,Tiaret
445,عين بوشقيف,Ain Bouchekif,دحموني,Dahmouni,14,تيارت,Tiaret
452,دحموني,Dahmouni,دحموني,Dahmouni,14,تيارت,Tiaret
470,الرحوية,Rahouia,رحوية,Rahouia,14,تيارت,Tiaret
535,ميزرانـــة,Mizrana,تيقزيرت,Tigzirt,15,تيزي وزو,Tizi Ouzou
522,إيجــار,Idjeur,بوزقن,Bouzeguene,15,تيزي وزو,Tizi Ouzou
510,بني دوالة,Beni-Douala,بني دوالة,Beni Douala,15,تيزي وزو,Tizi Ouzou
512,بني زيكــي,Beni-Zikki,بوزقن,Bouzeguene,15,تيزي وزو,Tizi Ouzou
527,إيلولة أومـــالو,Illoula Oumalou,بوزقن,Bouzeguene,15,تيزي وزو,Tizi Ouzou
489,أقني قغران,Agouni-Gueghrane,واضية,Ouadhias,15,تيزي وزو,Tizi Ouzou
493,أيت بــوادو,Ait Bouaddou,واضية,Ouadhias,15,تيزي وزو,Tizi Ouzou
538,واضية,Ouadhias,واضية,Ouadhias,15,تيزي وزو,Tizi Ouzou
547,تيزي نثلاثة,Tizi N'tleta,واضية,Ouadhias,15,تيزي وزو,Tizi Ouzou
488,أغريب,Aghribs,أزفون,Azeffoun,15,تيزي وزو,Tizi Ouzou
498,أيت شافع,Ait-Chafaa,أزفون,Azeffoun,15,تيزي وزو,Tizi Ouzou
504,أقرو,Akerrou,أزفون,Azeffoun,15,تيزي وزو,Tizi Ouzou
507,أزفون,Azeffoun,أزفون,Azeffoun,15,تيزي وزو,Tizi Ouzou
525,إفليـــسن,Iflissen,تيقزيرت,Tigzirt,15,تيزي وزو,Tizi Ouzou
544,تيقـزيرت,Tigzirt,تيقزيرت,Tigzirt,15,تيزي وزو,Tizi Ouzou
505,أسي يوسف,Assi-Youcef,بوغني,Boghni,15,تيزي وزو,Tizi Ouzou
513,بوغني,Boghni,بوغني,Boghni,15,تيزي وزو,Tizi Ouzou
515,بونوح,Bounouh,بوغني,Boghni,15,تيزي وزو,Tizi Ouzou
533,مشطراس,Mechtras,بوغني,Boghni,15,تيزي وزو,Tizi Ouzou
517,ذراع بن خدة,Draa-Ben-Khedda,ذراع بن خدة,Draa Ben Khedda,15,تيزي وزو,Tizi Ouzou
540,سيدي نعمان,Sidi Namane,ذراع بن خدة,Draa Ben Khedda,15,تيزي وزو,Tizi Ouzou
543,تادمايت,Tadmait,ذراع بن خدة,Draa Ben Khedda,15,تيزي وزو,Tizi Ouzou
546,تيرمتين,Tirmitine,ذراع بن خدة,Draa Ben Khedda,15,تيزي وزو,Tizi Ouzou
494,أيت بومهدي,Ait Boumahdi,واسيف,Ouacif,15,تيزي وزو,Tizi Ouzou
501,أيت تودرت,Ait-Toudert,واسيف,Ouacif,15,تيزي وزو,Tizi Ouzou
509,بني عيسي,Beni-Aissi,بني دوالة,Beni Douala,15,تيزي وزو,Tizi Ouzou
537,واسيف,Ouacif,واسيف,Ouacif,15,تيزي وزو,Tizi Ouzou
495,أيت خليلي,Ait Khellili,مقلع,Mekla,15,تيزي وزو,Tizi Ouzou
534,مقــلع,Mekla,مقلع,Mekla,15,تيزي وزو,Tizi Ouzou
541,صوامـــع,Souama,مقلع,Mekla,15,تيزي وزو,Tizi Ouzou
511,بني يني,Beni-Yenni,بني يني,Benni Yenni,15,تيزي وزو,Tizi Ouzou
521,إبودرارن,Iboudrarene,بني يني,Benni Yenni,15,تيزي وزو,Tizi Ouzou
549,تيزي وزو,Tizi-Ouzou,تيزي وزو,Tizi Ouzou,15,تيزي وزو,Tizi Ouzou
487,أبي يوسف,Abi-Youcef,عين الحمام,Ain El Hammam,15,تيزي وزو,Tizi Ouzou
490,عين الحمام,Ain-El-Hammam,عين الحمام,Ain El Hammam,15,تيزي وزو,Tizi Ouzou
502,أيت يحيى,Ait-Yahia,عين الحمام,Ain El Hammam,15,تيزي وزو,Tizi Ouzou
503,اقبيل,Akbil,عين الحمام,Ain El Hammam,15,تيزي وزو,Tizi Ouzou
514,بوجيمة,Boudjima,ماكودة,Makouda,15,تيزي وزو,Tizi Ouzou
532,ماكودة,Makouda,ماكودة,Makouda,15,تيزي وزو,Tizi Ouzou
491,عين الزاوية,Ain-Zaouia,ذراع الميزان,Draa El Mizan,15,تيزي وزو,Tizi Ouzou
496,أيت يحي موسى,Ait Yahia Moussa,ذراع الميزان,Draa El Mizan,15,تيزي وزو,Tizi Ouzou
518,ذراع الميزان,Draa-El-Mizan,ذراع الميزان,Draa El Mizan,15,تيزي وزو,Tizi Ouzou
520,فريقات,Frikat,ذراع الميزان,Draa El Mizan,15,تيزي وزو,Tizi Ouzou
536,مكيرة,M'kira,تيزي غنيف,Tizi-Ghenif,15,تيزي وزو,Tizi Ouzou
548,تيزي غنيف,Tizi-Gheniff,تيزي غنيف,Tizi-Ghenif,15,تيزي وزو,Tizi Ouzou
552,يطــافن,Yatafene,بني يني,Benni Yenni,15,تيزي وزو,Tizi Ouzou
526,إيلـيــلتـن,Illilten,إفرحونان,Iferhounene,15,تيزي وزو,Tizi Ouzou
528,إمســوحال,Imsouhal,إفرحونان,Iferhounene,15,تيزي وزو,Tizi Ouzou
506,عزازقة,Azazga,عزازقة,Azazga,15,تيزي وزو,Tizi Ouzou
519,فريحة,Freha,عزازقة,Azazga,15,تيزي وزو,Tizi Ouzou
524,إيفيغاء,Ifigha,عزازقة,Azazga,15,تيزي وزو,Tizi Ouzou
551,إعــكورن,Yakourene,عزازقة,Azazga,15,تيزي وزو,Tizi Ouzou
553,زكري,Zekri,عزازقة,Azazga,15,تيزي وزو,Tizi Ouzou
492,أيت عقـواشة,Ait Aggouacha,الأربعاء ناث إيراثن,Larbaa Nath Iraten,15,تيزي وزو,Tizi Ouzou
529,إيرجـــن,Irdjen,الأربعاء ناث إيراثن,Larbaa Nath Iraten,15,تيزي وزو,Tizi Ouzou
530,الأربعــاء ناث إيراثن,Larbaa Nath Irathen,الأربعاء ناث إيراثن,Larbaa Nath Iraten,15,تيزي وزو,Tizi Ouzou
500,أيت  أومالو,Ait-Oumalou,تيزي راشد,Tizi Rached,15,تيزي وزو,Tizi Ouzou
550,تيزي راشد,Tizi-Rached,تيزي راشد,Tizi Rached,15,تيزي وزو,Tizi Ouzou
497,أيت عيسى ميمون,Ait-Aissa-Mimoun,واقنون,Ouaguenoun,15,تيزي وزو,Tizi Ouzou
539,واقنون,Ouaguenoun,واقنون,Ouaguenoun,15,تيزي وزو,Tizi Ouzou
545,تيمـيزار,Timizart,واقنون,Ouaguenoun,15,تيزي وزو,Tizi Ouzou
531,معـــاتقة,Maatkas,معاتقة,Maatkas,15,تيزي وزو,Tizi Ouzou
542,سوق الإثنين,Souk-El-Tenine,معاتقة,Maatkas,15,تيزي وزو,Tizi Ouzou
499,أيت محمود,Ait-Mahmoud,بني دوالة,Beni Douala,15,تيزي وزو,Tizi Ouzou
508,بنــــي زمنزار,Beni Zmenzer,بني دوالة,Beni Douala,15,تيزي وزو,Tizi Ouzou
523,إفــرحــونان,Iferhounene,إفرحونان,Iferhounene,15,تيزي وزو,Tizi Ouzou
516,بوزقــن,Bouzeguene,بوزقن,Bouzeguene,15,تيزي وزو,Tizi Ouzou
588,حسين داي,Hussein Dey,حسين داي,Hussein Dey,16,الجزائر,Alger
592,الكاليتوس,Les Eucalyptus,براقي,Baraki,16,الجزائر,Alger
606,سيدي موسى,Sidi Moussa,براقي,Baraki,16,الجزائر,Alger
591,القبة,Kouba,حسين داي,Hussein Dey,16,الجزائر,Alger
594,محمد بلوزداد,Mohamed Belouzdad,حسين داي,Hussein Dey,16,الجزائر,Alger
555,عين طاية,Ain Taya,الدار البيضاء,Dar El Beida,16,الجزائر,Alger
558,باب الزوار,Bab Ezzouar,الدار البيضاء,Dar El Beida,16,الجزائر,Alger
569,برج الكيفان,Bordj El Kiffan,الدار البيضاء,Dar El Beida,16,الجزائر,Alger
574,الدار البيضاء,Dar El Beida,الدار البيضاء,Dar El Beida,16,الجزائر,Alger
584,المرسى,El Marsa,الدار البيضاء,Dar El Beida,16,الجزائر,Alger
595,المحمدية,Mohammadia,الدار البيضاء,Dar El Beida,16,الجزائر,Alger
566,بئر توتة,Bir Touta,بئر توتة,Birtouta,16,الجزائر,Alger
598,اولاد شبل,Ouled Chebel,بئر توتة,Birtouta,16,الجزائر,Alger
609,تسالة المرجة,Tessala El Merdja,بئر توتة,Birtouta,16,الجزائر,Alger
587,هراوة,Herraoua,الرويبة,Rouiba,16,الجزائر,Alger
602,رغاية,Reghaia,الرويبة,Rouiba,16,الجزائر,Alger
603,الرويبة,Rouiba,الرويبة,Rouiba,16,الجزائر,Alger
593,المعالمة,Maalma,زرالدة,Zeralda,16,الجزائر,Alger
600,الرحمانية,Rahmania,زرالدة,Zeralda,16,الجزائر,Alger
607,سويدانية,Souidania,زرالدة,Zeralda,16,الجزائر,Alger
608,سطاوالي,Staoueli,زرالدة,Zeralda,16,الجزائر,Alger
610,زرالدة,Zeralda,زرالدة,Zeralda,16,الجزائر,Alger
559,بابا حسن,Baba Hassen,الدرارية,Draria,16,الجزائر,Alger
577,الدويرة,Douira,الدرارية,Draria,16,الجزائر,Alger
578,الدرارية,Draria,الدرارية,Draria,16,الجزائر,Alger
579,العاشور,El Achour,الدرارية,Draria,16,الجزائر,Alger
590,الخرايسية,Khraissia,الدرارية,Draria,16,الجزائر,Alger
554,عين بنيان,Ain Benian,الشراقة,Cheraga,16,الجزائر,Alger
573,الشراقة,Cheraga,الشراقة,Cheraga,16,الجزائر,Alger
575,دالي ابراهيم,Dely Ibrahim,الشراقة,Cheraga,16,الجزائر,Alger
586,الحمامات,Hammamet,الشراقة,Cheraga,16,الجزائر,Alger
599,اولاد فايت,Ouled Fayet,الشراقة,Cheraga,16,الجزائر,Alger
556,الجزائر الوسطى,Alger Centre,سيدي امحمد,Sidi M'hamed,16,الجزائر,Alger
582,المدنية,El Madania,سيدي امحمد,Sidi M'hamed,16,الجزائر,Alger
585,المرادية,El Mouradia,سيدي امحمد,Sidi M'hamed,16,الجزائر,Alger
605,سيدي امحمد,Sidi M'hamed,سيدي امحمد,Sidi M'hamed,16,الجزائر,Alger
604,السحاولة,Sehaoula,بئر مراد رايس,Bir Mourad Rais,16,الجزائر,Alger
567,بولوغين بن زيري,Bologhine Ibnou Ziri,باب الوادي,Bab El Oued,16,الجزائر,Alger
572,القصبة,Casbah,باب الوادي,Bab El Oued,16,الجزائر,Alger
596,وادي قريش,Oued Koriche,باب الوادي,Bab El Oued,16,الجزائر,Alger
601,الرايس حميدو,Rais Hamidou,باب الوادي,Bab El Oued,16,الجزائر,Alger
564,بئر مراد رايس,Bir Mourad Rais,بئر مراد رايس,Bir Mourad Rais,16,الجزائر,Alger
565,بئر خادم,Birkhadem,بئر مراد رايس,Bir Mourad Rais,16,الجزائر,Alger
576,جسر قسنطينة,Djasr Kasentina,بئر مراد رايس,Bir Mourad Rais,16,الجزائر,Alger
589,حيدرة,Hydra,بئر مراد رايس,Bir Mourad Rais,16,الجزائر,Alger
583,المغارية,El Magharia,حسين داي,Hussein Dey,16,الجزائر,Alger
562,ابن عكنون,Ben Aknoun,بوزريعة,Bouzareah,16,الجزائر,Alger
563,بني مسوس,Beni Messous,بوزريعة,Bouzareah,16,الجزائر,Alger
571,بوزريعة,Bouzareah,بوزريعة,Bouzareah,16,الجزائر,Alger
580,الابيار,El Biar,بوزريعة,Bouzareah,16,الجزائر,Alger
560,باش جراح,Bachedjerah,الحراش,El Harrach,16,الجزائر,Alger
570,بوروبة,Bourouba,الحراش,El Harrach,16,الجزائر,Alger
581,الحراش,El Harrach,الحراش,El Harrach,16,الجزائر,Alger
597,وادي السمار,Oued Smar,الحراش,El Harrach,16,الجزائر,Alger
561,براقي,Baraki,براقي,Baraki,16,الجزائر,Alger
568,برج البحري,Bordj El Bahri,الدار البيضاء,Dar El Beida,16,الجزائر,Alger
557,باب الوادي,Bab El Oued,باب الوادي,Bab El Oued,16,الجزائر,Alger
634,حاسي العش,Hassi El Euch,حاسي بحبح,Hassi Bahbah,17,الجلفة,Djelfa
612,عين الإبل,Ain El Ibel,عين الإبل,Ain El Ibel,17,الجلفة,Djelfa
626,القديد,El Guedid,الشارف,Charef,17,الجلفة,Djelfa
621,الشارف,Charef,الشارف,Charef,17,الجلفة,Djelfa
618,بن يعقوب,Benyagoub,الشارف,Charef,17,الجلفة,Djelfa
642,سيدي بايزيد,Sidi Baizid,دار الشيوخ,Dar Chioukh,17,الجلفة,Djelfa
637,مليليحة,M'liliha,دار الشيوخ,Dar Chioukh,17,الجلفة,Djelfa
622,دار الشيوخ,Dar Chioukh,دار الشيوخ,Dar Chioukh,17,الجلفة,Djelfa
644,تعظميت,Taadmit,عين الإبل,Ain El Ibel,17,الجلفة,Djelfa
632,حد الصحاري,Had Sahary,حد الصحاري,Had Sahary,17,الجلفة,Djelfa
620,بويرة الأحداب,Bouira Lahdab,حد الصحاري,Had Sahary,17,الجلفة,Djelfa
613,عين فقه,Ain Fekka,حد الصحاري,Had Sahary,17,الجلفة,Djelfa
643,سيدي لعجال,Sidi Laadjel,سيدي لعجال,Sidi Laadjel,17,الجلفة,Djelfa
635,حاسي فدول,Hassi Fedoul,سيدي لعجال,Sidi Laadjel,17,الجلفة,Djelfa
628,الخميس,El Khemis,سيدي لعجال,Sidi Laadjel,17,الجلفة,Djelfa
641,سلمانة,Selmana,مسعد,Messaad,17,الجلفة,Djelfa
640,سد الرحال,Sed Rahal,مسعد,Messaad,17,الجلفة,Djelfa
636,مسعد,Messaad,مسعد,Messaad,17,الجلفة,Djelfa
631,قطارة,Guettara,مسعد,Messaad,17,الجلفة,Djelfa
623,دلدول,Deldoul,مسعد,Messaad,17,الجلفة,Djelfa
646,زكار,Zaccar,عين الإبل,Ain El Ibel,17,الجلفة,Djelfa
625,دويس,Douis,الادريسية,El Idrissia,17,الجلفة,Djelfa
627,الادريسية,El Idrissia,الادريسية,El Idrissia,17,الجلفة,Djelfa
611,عين الشهداء,Ain Chouhada,الادريسية,El Idrissia,17,الجلفة,Djelfa
624,الجلفة,Djelfa,الجلفة,Djelfa,17,الجلفة,Djelfa
619,بيرين,Birine,بيرين,Birine,17,الجلفة,Djelfa
639,أم العظام,Oum Laadham,فيض البطمة,Faidh El Botma,17,الجلفة,Djelfa
629,فيض البطمة,Faidh El Botma,فيض البطمة,Faidh El Botma,17,الجلفة,Djelfa
616,عمورة,Amourah,فيض البطمة,Faidh El Botma,17,الجلفة,Djelfa
645,زعفران,Zaafrane,حاسي بحبح,Hassi Bahbah,17,الجلفة,Djelfa
630,قرنيني,Guernini,عين وسارة,Ain Oussera,17,الجلفة,Djelfa
615,عين وسارة,Ain Oussera,عين وسارة,Ain Oussera,17,الجلفة,Djelfa
617,بنهار,Benhar,بيرين,Birine,17,الجلفة,Djelfa
614,عين معبد,Ain Maabed,حاسي بحبح,Hassi Bahbah,17,الجلفة,Djelfa
633,حاسي بحبح,Hassi Bahbah,حاسي بحبح,Hassi Bahbah,17,الجلفة,Djelfa
638,مجبارة,Moudjebara,عين الإبل,Ain El Ibel,17,الجلفة,Djelfa
662,جيجل,Jijel,جيجل,Jijel,18,جيجل,Jijel
656,العوانة,El Aouana,العوانة,El Aouana,18,جيجل,Jijel
668,سلمى بن زيادة,Selma Benziada,العوانة,El Aouana,18,جيجل,Jijel
660,أراقن سويسي,Erraguene Souissi,زيامة منصورية,Ziamah Mansouriah,18,جيجل,Jijel
650,بوسيف أولاد عسكر,Boussif Ouled Askeur,الطاهير,Taher,18,جيجل,Jijel
674,زيامة منصورية,Ziama Mansouriah,زيامة منصورية,Ziamah Mansouriah,18,جيجل,Jijel
651,الشحنة,Chahna,الطاهير,Taher,18,جيجل,Jijel
659,الامير عبد القادر,Emir Abdelkader,الطاهير,Taher,18,جيجل,Jijel
665,وجانة,Oudjana,الطاهير,Taher,18,جيجل,Jijel
672,الطاهير,Taher,الطاهير,Taher,18,جيجل,Jijel
652,الشقفة,Chekfa,الشقفة,Chekfa,18,جيجل,Jijel
657,القنار نشفي,El Kennar Nouchfi,الشقفة,Chekfa,18,جيجل,Jijel
670,سيدي عبد العزيز,Sidi Abdelaziz,الشقفة,Chekfa,18,جيجل,Jijel
658,الميلية,El Milia,الميلية,El Milia,18,جيجل,Jijel
667,أولاد يحيى خدروش,Ouled Yahia Khadrouch,الميلية,El Milia,18,جيجل,Jijel
666,أولاد رابح,Ouled Rabah,سيدي معروف,Sidi Marouf,18,جيجل,Jijel
671,سيدي معروف,Sidi Marouf,سيدي معروف,Sidi Marouf,18,جيجل,Jijel
661,غبالة,Ghebala,السطارة,Settara,18,جيجل,Jijel
669,السطارة,Settara,السطارة,Settara,18,جيجل,Jijel
649,بوراوي بلهادف,Bouraoui Belhadef,العنصر,El Ancer,18,جيجل,Jijel
655,العنصر,El Ancer,العنصر,El Ancer,18,جيجل,Jijel
664,خيري واد عجول,Khiri Oued Adjoul,العنصر,El Ancer,18,جيجل,Jijel
654,جيملة,Djimla,جيملة,Djimla,18,جيجل,Jijel
663,قاوس,Kaous,تاكسنة,Texenna,18,جيجل,Jijel
673,تاكسنة,Texenna,تاكسنة,Texenna,18,جيجل,Jijel
647,برج الطهر,Bordj T'har,الشقفة,Chekfa,18,جيجل,Jijel
648,بودريعة بني  ياجيس,Boudria Beniyadjis,جيملة,Djimla,18,جيجل,Jijel
653,الجمعة بني حبيبي,Djemaa Beni Habibi,العنصر,El Ancer,18,جيجل,Jijel
726,الرصفة,Rosfa,صالح باي,Salah Bey,19,سطيف,Sétif
721,واد البارد,Oued El Bared,عموشة,Amoucha,19,سطيف,Sétif
734,تيزي نبشار,Tizi N'bechar,عموشة,Amoucha,19,سطيف,Sétif
720,مزلوق,Mezloug,عين أرنات,Ain Arnat,19,سطيف,Sétif
709,قلال,Guellal,عين ولمان,Ain Oulmene,19,سطيف,Sétif
717,قصر الابطال,Kasr El Abtal,عين ولمان,Ain Oulmene,19,سطيف,Sétif
724,أولاد سي أحمد,Ouled Si Ahmed,عين ولمان,Ain Oulmene,19,سطيف,Sétif
684,أيت نوال مزادة,Ait Naoual Mezada,بوعنداس,Bouandas,19,سطيف,Sétif
685,ايت تيزي,Ait-Tizi,بوعنداس,Bouandas,19,سطيف,Sétif
699,بوعنداس,Bouandas,بوعنداس,Bouandas,19,سطيف,Sétif
701,بوسلام,Bousselam,بوعنداس,Bouandas,19,سطيف,Sétif
713,حمام السخنة,Hamam Soukhna,حمام السخنة,Hammam Sokhna,19,سطيف,Sétif
732,الطاية,Taya,حمام السخنة,Hammam Sokhna,19,سطيف,Sétif
733,التلة,Tella,حمام السخنة,Hammam Sokhna,19,سطيف,Sétif
680,عين ولمان,Ain Oulmene,عين ولمان,Ain Oulmene,19,سطيف,Sétif
702,بوطالب,Boutaleb,صالح باي,Salah Bey,19,سطيف,Sétif
714,الحامة,Hamma,صالح باي,Salah Bey,19,سطيف,Sétif
725,أولاد تبان,Ouled Tebben,صالح باي,Salah Bey,19,سطيف,Sétif
686,عموشة,Amoucha,عموشة,Amoucha,19,سطيف,Sétif
727,صالح باي,Salah Bey,صالح باي,Salah Bey,19,سطيف,Sétif
677,عين أزال,Ain Azel,عين أزال,Ain Azel,19,سطيف,Sétif
679,عين الحجر,Ain Lahdjar,عين أزال,Ain Azel,19,سطيف,Sétif
689,بيضاء برج,Beidha Bordj,عين أزال,Ain Azel,19,سطيف,Sétif
697,بئر حدادة,Bir Haddada,عين أزال,Ain Azel,19,سطيف,Sétif
711,قنزات,Guenzet,قنزات,Guenzet,19,سطيف,Sétif
716,حربيل,Harbil,قنزات,Guenzet,19,سطيف,Sétif
682,عين الروى,Ain-Roua,بوقاعة,Bougaa,19,سطيف,Sétif
694,بني وسين,Beni Oussine,بوقاعة,Bougaa,19,سطيف,Sétif
707,أوريسيا,El Ouricia,عين أرنات,Ain Arnat,19,سطيف,Sétif
700,بوقاعة,Bougaa,بوقاعة,Bougaa,19,سطيف,Sétif
705,ذراع قبيلة,Draa-Kebila,حمام قرقور,Hammam Guergour,19,سطيف,Sétif
715,حمام قرقور,Hammam Guergour,حمام قرقور,Hammam Guergour,19,سطيف,Sétif
729,سطيف,Setif,سطيف,Setif,19,سطيف,Sétif
678,عين الكبيرة,Ain El Kebira,عين الكبيرة,Ain El Kebira,19,سطيف,Sétif
703,الدهامشة,Dehamcha,عين الكبيرة,Ain El Kebira,19,سطيف,Sétif
722,أولاد عدوان,Ouled Addouane,عين الكبيرة,Ain El Kebira,19,سطيف,Sétif
683,عين السبت,Ain-Sebt,بني عزيز,Beni Aziz,19,سطيف,Sétif
695,بني عزيز,Beni-Aziz,بني عزيز,Beni Aziz,19,سطيف,Sétif
718,معاوية,Maaouia,بني عزيز,Beni Aziz,19,سطيف,Sétif
690,بلاعة,Bellaa,بئر العرش,Bir El Arch,19,سطيف,Sétif
698,بئر العرش,Bir-El-Arch,بئر العرش,Bir El Arch,19,سطيف,Sétif
708,الولجة,El-Ouldja,بئر العرش,Bir El Arch,19,سطيف,Sétif
730,تاشودة,Tachouda,بئر العرش,Bir El Arch,19,سطيف,Sétif
731,تالة إيفاسن,Tala-Ifacene,ماوكلان,Maoklane,19,سطيف,Sétif
728,سرج الغول,Serdj-El-Ghoul,بابور,Babor,19,سطيف,Sétif
712,قجال,Guidjel,قجال,Guidjel,19,سطيف,Sétif
723,أولاد صابر,Ouled Sabor,قجال,Guidjel,19,سطيف,Sétif
688,بازر سكرة,Bazer-Sakra,العلمة,El Eulma,19,سطيف,Sétif
706,العلمة,El Eulma,العلمة,El Eulma,19,سطيف,Sétif
710,قلتة زرقاء,Guelta Zerka,العلمة,El Eulma,19,سطيف,Sétif
692,بني فودة,Beni Fouda,جميلة,Djemila,19,سطيف,Sétif
704,جميلة,Djemila,جميلة,Djemila,19,سطيف,Sétif
681,عين لقراج,Ain-Legradj,بني ورتيلان,Beni Ourtilane,19,سطيف,Sétif
691,بني شبانة,Beni Chebana,بني ورتيلان,Beni Ourtilane,19,سطيف,Sétif
693,بني ورتيلان,Beni Ourtilane,بني ورتيلان,Beni Ourtilane,19,سطيف,Sétif
696,بني موحلي,Beni-Mouhli,بني ورتيلان,Beni Ourtilane,19,سطيف,Sétif
675,عين عباسة,Ain Abessa,عين أرنات,Ain Arnat,19,سطيف,Sétif
676,عين أرنات,Ain Arnat,عين أرنات,Ain Arnat,19,سطيف,Sétif
687,بابور,Babor,بابور,Babor,19,سطيف,Sétif
719,ماوكلان,Maouaklane,ماوكلان,Maoklane,19,سطيف,Sétif
745,سعيدة,Saida,سعيدة,Saida,20,سعيدة,Saïda
749,تيرسين,Tircine,أولاد ابراهيم,Ouled Brahim,20,سعيدة,Saïda
743,أولاد إبراهيم,Ouled Brahim,أولاد ابراهيم,Ouled Brahim,20,سعيدة,Saïda
737,عين السلطان,Ain Soltane,أولاد ابراهيم,Ouled Brahim,20,سعيدة,Saïda
741,المعمورة,Maamora,الحساسنة,El Hassasna,20,سعيدة,Saïda
739,الحساسنة,El Hassasna,الحساسنة,El Hassasna,20,سعيدة,Saïda
736,عين السخونة,Ain Sekhouna,الحساسنة,El Hassasna,20,سعيدة,Saïda
748,سيدي بوبكر,Sidi Boubekeur,سيدي بوبكر,Sidi Boubekeur,20,سعيدة,Saïda
744,أولاد خالد,Ouled Khaled,سيدي بوبكر,Sidi Boubekeur,20,سعيدة,Saïda
740,هونت,Hounet,سيدي بوبكر,Sidi Boubekeur,20,سعيدة,Saïda
750,يوب,Youb,يوب,Youb,20,سعيدة,Saïda
738,دوي ثابت,Doui Thabet,يوب,Youb,20,سعيدة,Saïda
746,سيدي احمد,Sidi Ahmed,عين الحجر,Ain El Hadjar,20,سعيدة,Saïda
742,مولاي العربي,Moulay Larbi,عين الحجر,Ain El Hadjar,20,سعيدة,Saïda
735,عين الحجر,Ain El Hadjar,عين الحجر,Ain El Hadjar,20,سعيدة,Saïda
747,سيدي عمر,Sidi Amar,سيدي بوبكر,Sidi Boubekeur,20,سعيدة,Saïda
751,عين بوزيان,Ain Bouziane,سيدي مزغيش,Sidi Mezghiche,21,سكيكدة,Skikda
783,صالح بو الشعور,Salah Bouchaour,الحروش,El Harrouch,21,سكيكدة,Skikda
768,الحدائق,El Hadaiek,الحدائق,El Hadaiek,21,سكيكدة,Skikda
787,زردازة,Zerdezas,الحروش,El Harrouch,21,سكيكدة,Skikda
780,أولاد حبابة,Ouled Habbaba,الحروش,El Harrouch,21,سكيكدة,Skikda
759,بني ولبان,Beni Oulbane,سيدي مزغيش,Sidi Mezghiche,21,سكيكدة,Skikda
784,سيدي مزغيش,Sidi Mezghiche,سيدي مزغيش,Sidi Mezghiche,21,سكيكدة,Skikda
758,بني بشير,Beni Bechir,رمضان جمال,Ramdane Djamel,21,سكيكدة,Skikda
782,رمضان جمال,Ramdane Djamel,رمضان جمال,Ramdane Djamel,21,سكيكدة,Skikda
761,بين الويدان,Bin El Ouiden,تمالوس,Tamalous,21,سكيكدة,Skikda
770,مجاز الدشيش,Emjez Edchich,الحروش,El Harrouch,21,سكيكدة,Skikda
786,تمالوس,Tamalous,تمالوس,Tamalous,21,سكيكدة,Skikda
753,عين قشرة,Ain Kechra,عين قشرة,Ain Kechra,21,سكيكدة,Skikda
778,الولجة بولبلوط,Ouldja Boulbalout,عين قشرة,Ain Kechra,21,سكيكدة,Skikda
781,أم الطوب,Oum Toub,أم الطوب,Oum Toub,21,سكيكدة,Skikda
767,الغدير,El Ghedir,عزابة,Azzaba,21,سكيكدة,Skikda
775,الكركرة,Kerkara,تمالوس,Tamalous,21,سكيكدة,Skikda
766,الحروش,El Arrouch,الحروش,El Harrouch,21,سكيكدة,Skikda
788,الزيتونة,Zitouna,الزيتونة,Zitouna,21,سكيكدة,Skikda
779,أولاد عطية,Ouled Attia,أولاد عطية,Ouled Attia,21,سكيكدة,Skikda
777,وادي الزهور,Oued Zhour,أولاد عطية,Ouled Attia,21,سكيكدة,Skikda
764,القل,Collo,القل,Collo,21,سكيكدة,Skikda
763,الشرايع,Cheraia,القل,Collo,21,سكيكدة,Skikda
760,بني زيد,Beni Zid,القل,Collo,21,سكيكدة,Skikda
776,خناق مايو,Khenag Maoune,أولاد عطية,Ouled Attia,21,سكيكدة,Skikda
769,المرسى,El Marsa,بن عزوز,Ben Azzouz,21,سكيكدة,Skikda
757,بن عزوز,Ben Azzouz,بن عزوز,Ben Azzouz,21,سكيكدة,Skikda
756,بكوش لخضر,Bekkouche Lakhdar,بن عزوز,Ben Azzouz,21,سكيكدة,Skikda
771,السبت,Es Sebt,عزابة,Azzaba,21,سكيكدة,Skikda
752,عين شرشار,Ain Charchar,عزابة,Azzaba,21,سكيكدة,Skikda
755,عزابة,Azzaba,عزابة,Azzaba,21,سكيكدة,Skikda
762,بوشطاطة,Bouchetata,الحدائق,El Hadaiek,21,سكيكدة,Skikda
772,فلفلة,Filfila,سكيكدة,Skikda,21,سكيكدة,Skikda
773,حمادي كرومة,Hammadi Krouma,سكيكدة,Skikda,21,سكيكدة,Skikda
785,سكيكدة,Skikda,سكيكدة,Skikda,21,سكيكدة,Skikda
754,عين زويت,Ain Zouit,الحدائق,El Hadaiek,21,سكيكدة,Skikda
765,جندل سعدي محمد,Djendel Saadi Mohamed,عزابة,Azzaba,21,سكيكدة,Skikda
774,قنواع,Kanoua,الزيتونة,Zitouna,21,سكيكدة,Skikda
822,سيدي علي بن يوب,Sidi Ali Benyoub,سيدي علي بن يوب,Sidi Ali Ben Youb,22,سيدي بلعباس,Sidi Bel Abbès
814,مولاي سليسن,Moulay Slissen,مولاي سليسن,Moulay Slissen,22,سيدي بلعباس,Sidi Bel Abbès
804,الحصيبة,El Hacaiba,مولاي سليسن,Moulay Slissen,22,سيدي بلعباس,Sidi Bel Abbès
792,عين تندمين,Ain Tindamine,مولاي سليسن,Moulay Slissen,22,سيدي بلعباس,Sidi Bel Abbès
837,تنيرة,Tenira,تنيرة,Tenira,22,سيدي بلعباس,Sidi Bel Abbès
816,وادي سفيون,Oued Sefioun,تنيرة,Tenira,22,سيدي بلعباس,Sidi Bel Abbès
805,حاسي دحو,Hassi Dahou,تنيرة,Tenira,22,سيدي بلعباس,Sidi Bel Abbès
817,وادي تاوريرة,Oued Taourira,مرين,Merine,22,سيدي بلعباس,Sidi Bel Abbès
798,بن عشيبة شلية,Benachiba Chelia,تنيرة,Tenira,22,سيدي بلعباس,Sidi Bel Abbès
831,سيدي يعقوب,Sidi Yacoub,سيدي لحسن,Sidi Lahcene,22,سيدي بلعباس,Sidi Bel Abbès
830,سيدي لحسن,Sidi Lahcene,سيدي لحسن,Sidi Lahcene,22,سيدي بلعباس,Sidi Bel Abbès
829,سيدي خالد,Sidi Khaled,سيدي لحسن,Sidi Lahcene,22,سيدي بلعباس,Sidi Bel Abbès
832,طابية,Tabia,سيدي علي بن يوب,Sidi Ali Ben Youb,22,سيدي بلعباس,Sidi Bel Abbès
825,سيدي ابراهيم,Sidi Brahim,عين البرد,Ain El Berd,22,سيدي بلعباس,Sidi Bel Abbès
794,العمارنة,Amarnas,سيدي لحسن,Sidi Lahcene,22,سيدي بلعباس,Sidi Bel Abbès
801,بوخنفيس,Boukhanefis,سيدي علي بن يوب,Sidi Ali Ben Youb,22,سيدي بلعباس,Sidi Bel Abbès
806,حاسي زهانة,Hassi Zahana,بن باديس,Ben Badis,22,سيدي بلعباس,Sidi Bel Abbès
802,شيطوان البلايلة,Chetouane Belaila,بن باديس,Ben Badis,22,سيدي بلعباس,Sidi Bel Abbès
797,بن باديس,Ben Badis,بن باديس,Ben Badis,22,سيدي بلعباس,Sidi Bel Abbès
795,بضرابين المقراني,Bedrabine El Mokrani,بن باديس,Ben Badis,22,سيدي بلعباس,Sidi Bel Abbès
821,سفيزف,Sfisef,سفيزف,Sfisef,22,سيدي بلعباس,Sidi Bel Abbès
810,مسيد,M'cid,سفيزف,Sfisef,22,سيدي بلعباس,Sidi Bel Abbès
800,بوجبهة البرج,Boudjebaa El Bordj,سفيزف,Sfisef,22,سيدي بلعباس,Sidi Bel Abbès
793,عين أدن,Ain- Adden,سفيزف,Sfisef,22,سيدي بلعباس,Sidi Bel Abbès
828,سيدي حمادوش,Sidi Hamadouche,عين البرد,Ain El Berd,22,سيدي بلعباس,Sidi Bel Abbès
826,سيدي شعيب,Sidi Chaib,مرحوم,Marhoum,22,سيدي بلعباس,Sidi Bel Abbès
808,مكدرة,Makedra,عين البرد,Ain El Berd,22,سيدي بلعباس,Sidi Bel Abbès
789,عين البرد,Ain El Berd,عين البرد,Ain El Berd,22,سيدي بلعباس,Sidi Bel Abbès
819,رجم دموش,Redjem Demouche,راس الماء,Ras El Ma,22,سيدي بلعباس,Sidi Bel Abbès
818,راس الماء,Ras El Ma,راس الماء,Ras El Ma,22,سيدي بلعباس,Sidi Bel Abbès
815,وادي السبع,Oued Sebaa,راس الماء,Ras El Ma,22,سيدي بلعباس,Sidi Bel Abbès
809,مرحوم,Marhoum,مرحوم,Marhoum,22,سيدي بلعباس,Sidi Bel Abbès
824,سيدي بلعباس,Sidi Bel-Abbes,سيدي بلعباس,Sidi Bel Abbes,22,سيدي بلعباس,Sidi Bel Abbès
791,عين الثريد,Ain Thrid,تسالة,Tessala,22,سيدي بلعباس,Sidi Bel Abbès
820,السهالة الثورة,Sehala Thaoura,تسالة,Tessala,22,سيدي بلعباس,Sidi Bel Abbès
838,تسالة,Tessala,تسالة,Tessala,22,سيدي بلعباس,Sidi Bel Abbès
796,بلعربي,Belarbi,مصطفى بن ابراهيم,Mostefa  Ben Brahim,22,سيدي بلعباس,Sidi Bel Abbès
813,مصطفى بن ابراهيم,Mostefa  Ben Brahim,مصطفى بن ابراهيم,Mostefa  Ben Brahim,22,سيدي بلعباس,Sidi Bel Abbès
839,تلموني,Tilmouni,مصطفى بن ابراهيم,Mostefa  Ben Brahim,22,سيدي بلعباس,Sidi Bel Abbès
840,زروالة,Zerouala,مصطفى بن ابراهيم,Mostefa  Ben Brahim,22,سيدي بلعباس,Sidi Bel Abbès
803,الضاية,Dhaya,تلاغ,Telagh,22,سيدي بلعباس,Sidi Bel Abbès
812,مزاورو,Mezaourou,تلاغ,Telagh,22,سيدي بلعباس,Sidi Bel Abbès
835,تغاليمت,Teghalimet,تلاغ,Telagh,22,سيدي بلعباس,Sidi Bel Abbès
836,تلاغ,Telagh,تلاغ,Telagh,22,سيدي بلعباس,Sidi Bel Abbès
790,عين قادة,Ain Kada,سيدي علي بوسيدي,Sidi Ali Boussidi,22,سيدي بلعباس,Sidi Bel Abbès
807,لمطار,Lamtar,سيدي علي بوسيدي,Sidi Ali Boussidi,22,سيدي بلعباس,Sidi Bel Abbès
823,سيدي علي بوسيدي,Sidi Ali Boussidi,سيدي علي بوسيدي,Sidi Ali Boussidi,22,سيدي بلعباس,Sidi Bel Abbès
827,سيدي دحو الزاير,Sidi Dahou Zairs,سيدي علي بوسيدي,Sidi Ali Boussidi,22,سيدي بلعباس,Sidi Bel Abbès
799,بئر الحمام,Bir El Hammam,مرحوم,Marhoum,22,سيدي بلعباس,Sidi Bel Abbès
811,مرين,Merine,مرين,Merine,22,سيدي بلعباس,Sidi Bel Abbès
834,تفسور,Tefessour,مرين,Merine,22,سيدي بلعباس,Sidi Bel Abbès
833,تاودموت,Taoudmout,مرين,Merine,22,سيدي بلعباس,Sidi Bel Abbès
842,عنابة,Annaba,عنابة,Annaba,23,عنابة,Annaba
850,سرايدي,Seraidi,عنابة,Annaba,23,عنابة,Annaba
843,برحال,Berrahal,برحال,Berrahal,23,عنابة,Annaba
849,واد العنب,Oued El Aneb,برحال,Berrahal,23,عنابة,Annaba
848,الحجار,El Hadjar,الحجار,El Hadjar,23,عنابة,Annaba
851,سيدي عمار,Sidi Amar,الحجار,El Hadjar,23,عنابة,Annaba
846,البوني,El Bouni,البوني,El Bouni,23,عنابة,Annaba
841,عين الباردة,Ain El Berda,عين الباردة,Ain El Berda,23,عنابة,Annaba
845,الشرفة,Cheurfa,عين الباردة,Ain El Berda,23,عنابة,Annaba
847,العلمة,El Eulma,عين الباردة,Ain El Berda,23,عنابة,Annaba
852,التريعات,Treat,برحال,Berrahal,23,عنابة,Annaba
844,شطايبي,Chetaibi,شطايبي,Chetaibi,23,عنابة,Annaba
875,نشماية,Nechmaya,قلعة بوصبع,Guelaat Bousbaa,24,قالمة,Guelma
863,بوحمدان,Bou Hamdane,حمام دباغ,Hammam Debagh,24,قالمة,Guelma
872,حمام دباغ,Hammam Debagh,حمام دباغ,Hammam Debagh,24,قالمة,Guelma
884,الركنية,Roknia,حمام دباغ,Hammam Debagh,24,قالمة,Guelma
867,الدهوارة,Dahouara,حمام النبايل,Hammam N'bails,24,قالمة,Guelma
873,حمام النبايل,Hammam N'bail,حمام النبايل,Hammam N'bails,24,قالمة,Guelma
871,قالمة,Guelma,قالمة,Guelma,24,قالمة,Guelma
866,بومهرة أحمد,Boumahra Ahmed,قلعة بوصبع,Guelaat Bousbaa,24,قالمة,Guelma
853,عين بن بيضاء,Ain Ben Beida,بوشقوف,Bouchegouf,24,قالمة,Guelma
865,بوشقوف,Bouchegouf,بوشقوف,Bouchegouf,24,قالمة,Guelma
878,مجاز الصفاء,Medjez Sfa,بوشقوف,Bouchegouf,24,قالمة,Guelma
881,وادي فراغة,Oued Ferragha,بوشقوف,Bouchegouf,24,قالمة,Guelma
864,بوعاتي محمود,Bouati Mahmoud,هيليوبوليس,Heliopolis,24,قالمة,Guelma
869,الفجوج,El Fedjoudj,هيليوبوليس,Heliopolis,24,قالمة,Guelma
874,هيليوبوليس,Heliopolis,هيليوبوليس,Heliopolis,24,قالمة,Guelma
877,مجاز عمار,Medjez Amar,عين حساينية,Ain Hessainia,24,قالمة,Guelma
879,هواري بومدين,Houari Boumedienne,عين حساينية,Ain Hessainia,24,قالمة,Guelma
883,رأس العقبة,Ras El Agba,عين حساينية,Ain Hessainia,24,قالمة,Guelma
885,سلاوة عنونة,Sellaoua Announa,عين حساينية,Ain Hessainia,24,قالمة,Guelma
868,جبالة الخميسي,Djeballah Khemissi,قلعة بوصبع,Guelaat Bousbaa,24,قالمة,Guelma
861,برج صباط,Bordj Sabath,وادي الزناتي,Oued Zenati,24,قالمة,Guelma
882,وادي الزناتي,Oued Zenati,وادي الزناتي,Oued Zenati,24,قالمة,Guelma
856,عين رقادة,Ain Regada,وادي الزناتي,Oued Zenati,24,قالمة,Guelma
854,عين العربي,Ain Larbi,عين مخلوف,Ain Makhlouf,24,قالمة,Guelma
855,عين مخلوف,Ain Makhlouf,عين مخلوف,Ain Makhlouf,24,قالمة,Guelma
886,تاملوكة,Tamlouka,عين مخلوف,Ain Makhlouf,24,قالمة,Guelma
857,عين صندل,Ain Sandel,خزارة,Khezaras,24,قالمة,Guelma
862,بوحشانة,Bou Hachana,خزارة,Khezaras,24,قالمة,Guelma
876,لخزارة,Khezaras,خزارة,Khezaras,24,قالمة,Guelma
858,بلخير,Belkheir,قلعة بوصبع,Guelaat Bousbaa,24,قالمة,Guelma
860,بني مزلين,Beni Mezline,قلعة بوصبع,Guelaat Bousbaa,24,قالمة,Guelma
870,قلعة بوصبع,Guelaat Bou Sbaa,قلعة بوصبع,Guelaat Bousbaa,24,قالمة,Guelma
880,وادي الشحم,Oued Cheham,حمام النبايل,Hammam N'bails,24,قالمة,Guelma
859,بن جراح,Bendjarah,قالمة,Guelma,24,قالمة,Guelma
892,ديدوش مراد,Didouche Mourad,حامة بوزيان,Hamma Bouziane,25,قسنطينة,Constantine
894,حامة بوزيان,Hamma Bouziane,حامة بوزيان,Hamma Bouziane,25,قسنطينة,Constantine
890,بني حميدان,Beni Hamidane,زيغود يوسف,Zighoud Youcef,25,قسنطينة,Constantine
898,زيغود يوسف,Zighoud Youcef,زيغود يوسف,Zighoud Youcef,25,قسنطينة,Constantine
888,عين السمارة,Ain Smara,الخروب,El Khroub,25,قسنطينة,Constantine
893,الخروب,El Khroub,الخروب,El Khroub,25,قسنطينة,Constantine
897,أولاد رحمون,Ouled Rahmoun,الخروب,El Khroub,25,قسنطينة,Constantine
887,عين عبيد,Ain Abid,عين عبيد,Ain Abid,25,قسنطينة,Constantine
889,أبن باديس الهرية,Ben Badis,عين عبيد,Ain Abid,25,قسنطينة,Constantine
895,ابن زياد,Ibn Ziad,ابن زياد,Ibn Ziad,25,قسنطينة,Constantine
896,بوجريو مسعود,Messaoud Boudjeriou,ابن زياد,Ibn Ziad,25,قسنطينة,Constantine
891,قسنطينة,Constantine,قسنطينة,Constantine,25,قسنطينة,Constantine
943,أولاد هلال,Ouled Hellal,أولاد عنتر,Ouled Antar,26,المدية,Médéa
956,السواقي,Souagui,السواقي,Souaghi,26,المدية,Médéa
929,قصر البخاري,Ksar El Boukhari,قصر البخاري,Ksar El Boukhari,26,المدية,Médéa
934,مفاتحة,M'fatha,قصر البخاري,Ksar El Boukhari,26,المدية,Médéa
947,السانق,Saneg,قصر البخاري,Ksar El Boukhari,26,المدية,Médéa
920,العزيزية,El Azizia,العزيزية,El Azizia,26,المدية,Médéa
930,مغراوة,Maghraoua,العزيزية,El Azizia,26,المدية,Médéa
935,ميهوب,Mihoub,العزيزية,El Azizia,26,المدية,Médéa
909,بوعيش,Bouaiche,الشهبونية,Chahbounia,26,المدية,Médéa
912,بوغزول,Boughzoul,الشهبونية,Chahbounia,26,المدية,Médéa
914,الشهبونية,Chabounia,الشهبونية,Chahbounia,26,المدية,Médéa
926,حناشة,Hannacha,عوامري,Ouamri,26,المدية,Médéa
936,عوامري,Ouamri,عوامري,Ouamri,26,المدية,Médéa
937,وادي حربيل,Oued Harbil,عوامري,Ouamri,26,المدية,Médéa
905,بني سليمان,Beni Slimane,بني سليمان,Beni Slimane,26,المدية,Médéa
910,بوعيشون,Bouaichoune,سي المحجوب,Si Mahdjoub,26,المدية,Médéa
939,أولاد بوعشرة,Ouled Bouachra,سي المحجوب,Si Mahdjoub,26,المدية,Médéa
950,سي المحجوب,Si Mahdjoub,سي المحجوب,Si Mahdjoub,26,المدية,Médéa
913,بوسكن,Bouskene,بني سليمان,Beni Slimane,26,المدية,Médéa
953,سيدي الربيع,Sidi Rabie,بني سليمان,Beni Slimane,26,المدية,Médéa
906,البرواقية,Berrouaghia,البرواقية,Berrouaghia,26,المدية,Médéa
941,أولاد دايد,Ouled Deid,البرواقية,Berrouaghia,26,المدية,Médéa
946,الربعية,Rebaia,البرواقية,Berrouaghia,26,المدية,Médéa
932,مجبر,Medjebar,سغوان,Seghouane,26,المدية,Médéa
961,ثلاث دوائر,Tletat Ed Douair,سغوان,Seghouane,26,المدية,Médéa
962,الزبيرية,Zoubiria,سغوان,Seghouane,26,المدية,Médéa
901,العيساوية,Aissaouia,تابلاط,Tablat,26,المدية,Médéa
923,الحوضان,El Haoudane,تابلاط,Tablat,26,المدية,Médéa
933,مزغنة,Mezerana,تابلاط,Tablat,26,المدية,Médéa
957,تابلاط,Tablat,تابلاط,Tablat,26,المدية,Médéa
908,بوغار,Boghar,أولاد عنتر,Ouled Antar,26,المدية,Médéa
949,سغوان,Seghouane,سغوان,Seghouane,26,المدية,Médéa
919,ذراع السمار,Draa Esmar,المدية,Medea,26,المدية,Médéa
931,المدية,Medea,المدية,Medea,26,المدية,Médéa
959,تمسقيدة,Tamesguida,المدية,Medea,26,المدية,Médéa
904,بن شكاو,Ben Chicao,وزرة,Ouzera,26,المدية,Médéa
922,الحمدانية,El Hamdania,وزرة,Ouzera,26,المدية,Médéa
945,وزرة,Ouzera,وزرة,Ouzera,26,المدية,Médéa
960,تيزي مهدي,Tizi Mahdi,وزرة,Ouzera,26,المدية,Médéa
899,عين بوسيف,Ain Boucif,عين بوسيف,Ain Boucif,26,المدية,Médéa
925,العوينات,El Ouinet,عين بوسيف,Ain Boucif,26,المدية,Médéa
927,الكاف الاخضر,Kef Lakhdar,عين بوسيف,Ain Boucif,26,المدية,Médéa
942,أولاد امعرف,Ouled Emaaraf,عين بوسيف,Ain Boucif,26,المدية,Médéa
951,سيدي دامد,Sidi Demed,عين بوسيف,Ain Boucif,26,المدية,Médéa
903,بعطة,Baata,العمارية,El Omaria,26,المدية,Médéa
924,العمارية,El Omaria,العمارية,El Omaria,26,المدية,Médéa
940,أولاد إبراهيم,Ouled Brahim,العمارية,El Omaria,26,المدية,Médéa
907,بئر بن عابد,Bir Ben Laabed,القلب الكبير,Guelb El Kebir,26,المدية,Médéa
921,القلب الكبير,El Guelbelkebir,القلب الكبير,Guelb El Kebir,26,المدية,Médéa
948,سدراية,Sedraya,القلب الكبير,Guelb El Kebir,26,المدية,Médéa
900,عين اقصير,Ain Ouksir,شلالة العذاورة,Chellalat El Adhaoura,26,المدية,Médéa
915,شلالة العذاورة,Chelalet El Adhaoura,شلالة العذاورة,Chellalat El Adhaoura,26,المدية,Médéa
916,شنيقل,Cheniguel,شلالة العذاورة,Chellalat El Adhaoura,26,المدية,Médéa
958,تفراوت,Tafraout,شلالة العذاورة,Chellalat El Adhaoura,26,المدية,Médéa
911,بوشراحيل,Bouchrahil,سيدي نعمان,Sidi Naamane,26,المدية,Médéa
928,خمس جوامع,Khams Djouamaa,سيدي نعمان,Sidi Naamane,26,المدية,Médéa
952,سيدي نعمان,Sidi Naamane,سيدي نعمان,Sidi Naamane,26,المدية,Médéa
902,عزيز,Aziz,عزيز,Aziz,26,المدية,Médéa
917,دراق,Derrag,عزيز,Aziz,26,المدية,Médéa
944,أم الجليل,Oum El Djellil,عزيز,Aziz,26,المدية,Médéa
918,جواب,Djouab,السواقي,Souaghi,26,المدية,Médéa
954,سيدي زهار,Sidi Zahar,السواقي,Souaghi,26,المدية,Médéa
955,سيدي زيان,Sidi Ziane,السواقي,Souaghi,26,المدية,Médéa
938,أولاد عنتر,Ouled Antar,أولاد عنتر,Ouled Antar,26,المدية,Médéa
970,فرناقة,Fornaka,عين نويسي,Ain Nouicy,27,مستغانم,Mostaganem
981,وادي الخير,Oued El Kheir,عين تادلس,Ain Tedeles,27,مستغانم,Mostaganem
973,الحسيان (بني ياحي,Hassiane,عين نويسي,Ain Nouicy,27,مستغانم,Mostaganem
972,حاسي ماماش,Hassi Mameche,حاسي ماماش,Hassi Mameche,27,مستغانم,Mostaganem
977,مزغران,Mazagran,حاسي ماماش,Hassi Mameche,27,مستغانم,Mostaganem
992,ستيدية,Stidia,حاسي ماماش,Hassi Mameche,27,مستغانم,Mostaganem
967,عين تادلس,Ain-Tedles,عين تادلس,Ain Tedeles,27,مستغانم,Mostaganem
987,سيدي بلعطار,Sidi Belaattar,عين تادلس,Ain Tedeles,27,مستغانم,Mostaganem
991,سور,Sour,عين تادلس,Ain Tedeles,27,مستغانم,Mostaganem
964,عين بودينار,Ain-Boudinar,خير الدين,Kheir Eddine,27,مستغانم,Mostaganem
975,خير الدين,Kheir-Eddine,خير الدين,Kheir Eddine,27,مستغانم,Mostaganem
985,صيادة,Sayada,خير الدين,Kheir Eddine,27,مستغانم,Mostaganem
986,سيدي علي,Sidi Ali,سيدي علي,Sidi Ali,27,مستغانم,Mostaganem
993,تزقايت,Tazgait,سيدي علي,Sidi Ali,27,مستغانم,Mostaganem
968,بن عبد المالك رمضان,Benabdelmalek Ramdane,سيدي لخضر,Sidi Lakhdar,27,مستغانم,Mostaganem
979,مستغانم,Mostaganem,مستغانم,Mostaganem,27,مستغانم,Mostaganem
971,حجاج,Hadjadj,سيدي لخضر,Sidi Lakhdar,27,مستغانم,Mostaganem
988,سيدي لخضر,Sidi-Lakhdar,سيدي لخضر,Sidi Lakhdar,27,مستغانم,Mostaganem
963,عشعاشة,Achaacha,عشعاشة,Achaacha,27,مستغانم,Mostaganem
974,خضرة,Khadra,عشعاشة,Achaacha,27,مستغانم,Mostaganem
980,نكمارية,Nekmaria,عشعاشة,Achaacha,27,مستغانم,Mostaganem
982,أولاد بوغالم,Ouled Boughalem,عشعاشة,Achaacha,27,مستغانم,Mostaganem
969,بوقيراط,Bouguirat,بوقيراط,Bouguirat,27,مستغانم,Mostaganem
984,صفصاف,Safsaf,بوقيراط,Bouguirat,27,مستغانم,Mostaganem
989,سيرات,Sirat,بوقيراط,Bouguirat,27,مستغانم,Mostaganem
990,السوافلية,Souaflia,بوقيراط,Bouguirat,27,مستغانم,Mostaganem
966,عين سيدي الشريف,Ain-Sidi Cherif,ماسرة,Mesra,27,مستغانم,Mostaganem
976,منصورة,Mansourah,ماسرة,Mesra,27,مستغانم,Mostaganem
978,ماسرة,Mesra,ماسرة,Mesra,27,مستغانم,Mostaganem
994,الطواهرية,Touahria,ماسرة,Mesra,27,مستغانم,Mostaganem
965,عين نويسي,Ain-Nouissy,عين نويسي,Ain Nouicy,27,مستغانم,Mostaganem
983,أولاد مع الله,Ouled-Maalah,سيدي علي,Sidi Ali,27,مستغانم,Mostaganem
1008,شلال,Chellal,شلال,Chellal,28,المسيلة,M'Sila
1028,أولاد ماضي,Ouled Madhi,شلال,Chellal,28,المسيلة,M'Sila
1014,خطوطي سد الجير,Khettouti Sed-El-Jir,شلال,Chellal,28,المسيلة,M'Sila
1000,بلعايبة,Belaiba,مقرة,Magra,28,المسيلة,M'Sila
1004,برهوم,Berhoum,مقرة,Magra,28,المسيلة,M'Sila
1009,دهاهنة,Dehahna,مقرة,Magra,28,المسيلة,M'Sila
1018,مقرة,Magra,مقرة,Magra,28,المسيلة,M'Sila
1002,بني يلمان,Beni Ilmane,سيدي عيسى,Sidi Aissa,28,المسيلة,M'Sila
1007,بوطي السايح,Bouti Sayeh,سيدي عيسى,Sidi Aissa,28,المسيلة,M'Sila
1033,سيدي عيسى,Sidi Aissa,سيدي عيسى,Sidi Aissa,28,المسيلة,M'Sila
995,عين الحجل,Ain El Hadjel,عين الحجل,Ain El Hadjel,28,المسيلة,M'Sila
1035,سيدي هجرس,Sidi Hadjeres,عين الحجل,Ain El Hadjel,28,المسيلة,M'Sila
1006,بوسعادة,Bou Saada,بوسعادة,Bousaada,28,المسيلة,M'Sila
1011,الهامل,El Hamel,بوسعادة,Bousaada,28,المسيلة,M'Sila
1032,ولتام,Oulteme,بوسعادة,Bousaada,28,المسيلة,M'Sila
1003,بن زوه,Benzouh,أولاد سيدي ابراهيم,Ouled Sidi Brahim,28,المسيلة,M'Sila
1030,أولاد سيدي ابراهيم,Ouled Sidi Brahim,أولاد سيدي ابراهيم,Ouled Sidi Brahim,28,المسيلة,M'Sila
1034,سيدي عامر,Sidi Ameur,سيدي عامر,Sidi Ameur,28,المسيلة,M'Sila
1039,تامسة,Tamsa,سيدي عامر,Sidi Ameur,28,المسيلة,M'Sila
1001,بن سرور,Ben Srour,بن سرور,Ben Srour,28,المسيلة,M'Sila
1022,محمد بوضياف,Mohamed Boudiaf,بن سرور,Ben Srour,28,المسيلة,M'Sila
1031,أولاد سليمان,Ouled Slimane,بن سرور,Ben Srour,28,المسيلة,M'Sila
1041,زرزور,Zarzour,بن سرور,Ben Srour,28,المسيلة,M'Sila
996,عين الملح,Ain El Melh,عين الملح,Ain El Melh,28,المسيلة,M'Sila
997,عين فارس,Ain Fares,عين الملح,Ain El Melh,28,المسيلة,M'Sila
999,عين الريش,Ain Rich,عين الملح,Ain El Melh,28,المسيلة,M'Sila
1005,بئر فضة,Bir Foda,عين الملح,Ain El Melh,28,المسيلة,M'Sila
1036,سيدي امحمد,Sidi M'hamed,عين الملح,Ain El Melh,28,المسيلة,M'Sila
1020,امجدل,Medjedel,امجدل,Medjedel,28,المسيلة,M'Sila
1021,مناعة,Menaa,امجدل,Medjedel,28,المسيلة,M'Sila
1010,جبل مساعد,Djebel Messaad,جبل مساعد,Djebel Messaad,28,المسيلة,M'Sila
1037,سليم,Slim,جبل مساعد,Djebel Messaad,28,المسيلة,M'Sila
1023,المسيلة,M'sila,المسيلة,M'sila,28,المسيلة,M'Sila
1013,حمام الضلعة,Hammam Dalaa,حمام الضلعة,Hammam Dalaa,28,المسيلة,M'Sila
1025,ونوغة,Ouanougha,حمام الضلعة,Hammam Dalaa,28,المسيلة,M'Sila
1029,أولاد منصور,Ouled Mansour,حمام الضلعة,Hammam Dalaa,28,المسيلة,M'Sila
1040,تارمونت,Tarmount,حمام الضلعة,Hammam Dalaa,28,المسيلة,M'Sila
1016,المعاضيد,Maadid,أولاد دراج,Ouled Derradj,28,المسيلة,M'Sila
1024,المطارفة,M'tarfa,أولاد دراج,Ouled Derradj,28,المسيلة,M'Sila
1017,معاريف,Maarif,شلال,Chellal,28,المسيلة,M'Sila
1027,أولاد دراج,Ouled Derradj,أولاد دراج,Ouled Derradj,28,المسيلة,M'Sila
1038,السوامع,Souamaa,أولاد دراج,Ouled Derradj,28,المسيلة,M'Sila
1012,الحوامد,El Houamed,خبانة,Khoubana,28,المسيلة,M'Sila
1015,خبانة,Khoubana,خبانة,Khoubana,28,المسيلة,M'Sila
1019,مسيف,M'cif,خبانة,Khoubana,28,المسيلة,M'Sila
998,عين الخضراء,Ain Khadra,مقرة,Magra,28,المسيلة,M'Sila
1026,أولاد عدي لقبالة,Ouled Addi Guebala,أولاد دراج,Ouled Derradj,28,المسيلة,M'Sila
1075,وادي الأبطال,Oued El Abtal,وادي الأبطال,Oued El Abtal,29,معسكر,Mascara
1081,سيدي عبد المومن,Sidi Abdelmoumene,المحمدية,Mohammadia,29,معسكر,Mascara
1078,سجرارة,Sedjerara,المحمدية,Mohammadia,29,معسكر,Mascara
1072,المحمدية,Mohammadia,المحمدية,Mohammadia,29,معسكر,Mascara
1085,تيغنيف,Tighennif,تيغنيف,Tighennif,29,معسكر,Mascara
1071,مقطع الدوز,Mocta-Douz,المحمدية,Mohammadia,29,معسكر,Mascara
1060,فراقيق,Ferraguig,المحمدية,Mohammadia,29,معسكر,Mascara
1054,الغمري,El Ghomri,المحمدية,Mohammadia,29,معسكر,Mascara
1087,زهانة,Zahana,زهانة,Zahana,29,معسكر,Mascara
1053,القعدة,El Gaada,زهانة,Zahana,29,معسكر,Mascara
1077,رأس عين عميروش,Ras El Ain Amirouche,عقاز,Oggaz,29,معسكر,Mascara
1074,عقاز,Oggaz,عقاز,Oggaz,29,معسكر,Mascara
1046,العلايمية,Alaimia,عقاز,Oggaz,29,معسكر,Mascara
1084,سيق,Sig,سيق,Sig,29,معسكر,Mascara
1051,الشرفاء,Chorfa,سيق,Sig,29,معسكر,Mascara
1049,بوهني,Bou Henni,سيق,Sig,29,معسكر,Mascara
1058,المأمونية,El Mamounia,عين فارس,Ain Fares,29,معسكر,Mascara
1055,القطنة,El Gueitena,بوحنيفية,Bouhanifia,29,معسكر,Mascara
1042,عين فارس,Ain Fares,عين فارس,Ain Fares,29,معسكر,Mascara
1062,غروس,Gharrous,عوف,Aouf,29,معسكر,Mascara
1048,بنيان,Benian,عوف,Aouf,29,معسكر,Mascara
1047,عوف,Aouf,عوف,Aouf,29,معسكر,Mascara
1064,قرجوم,Guerdjoum,وادي التاغية,Oued Taria,29,معسكر,Mascara
1045,عين أفرص,Ain Frass,عين فكان,Ain Fekan,29,معسكر,Mascara
1043,عين فكان,Ain Fekan,عين فكان,Ain Fekan,29,معسكر,Mascara
1066,خلوية,Khalouia,البرج,El Bordj,29,معسكر,Mascara
1059,المنور,El Menaouer,البرج,El Bordj,29,معسكر,Mascara
1052,البرج,El Bordj,البرج,El Bordj,29,معسكر,Mascara
1082,سيدي بوسعيد,Sidi Boussaid,غريس,Ghriss,29,معسكر,Mascara
1070,المطمور,Matemore,غريس,Ghriss,29,معسكر,Mascara
1083,سيدي قادة,Sidi Kada,تيغنيف,Tighennif,29,معسكر,Mascara
1067,ماقضة,Makhda,غريس,Ghriss,29,معسكر,Mascara
1069,معسكر,Mascara,معسكر,Mascara,29,معسكر,Mascara
1050,بوحنيفية,Bouhanifia,بوحنيفية,Bouhanifia,29,معسكر,Mascara
1063,غريس,Ghriss,غريس,Ghriss,29,معسكر,Mascara
1065,حسين,Hacine,بوحنيفية,Bouhanifia,29,معسكر,Mascara
1057,القرط,El Keurt,تيزي,Tizi,29,معسكر,Mascara
1061,فروحة,Froha,تيزي,Tizi,29,معسكر,Mascara
1086,تيزي,Tizi,تيزي,Tizi,29,معسكر,Mascara
1079,السهايلية,Sehailia,تيغنيف,Tighennif,29,معسكر,Mascara
1068,ماوسة,Maoussa,غريس,Ghriss,29,معسكر,Mascara
1080,سيدي عبد الجبار,Sidi Abdeldjebar,وادي الأبطال,Oued El Abtal,29,معسكر,Mascara
1056,الحشم,El Hachem,الحشم,Hachem,29,معسكر,Mascara
1073,نسمط,Nesmot,الحشم,Hachem,29,معسكر,Mascara
1088,زلامطة,Zelamta,الحشم,Hachem,29,معسكر,Mascara
1044,عين فراح,Ain Ferah,وادي الأبطال,Oued El Abtal,29,معسكر,Mascara
1076,وادي التاغية,Oued Taria,وادي التاغية,Oued Taria,29,معسكر,Mascara
1101,ورقلة,Ouargla,ورقلة,Ouargla,30,ورقلة,Ouargla
1096,حاسي مسعود,Hassi Messaoud,حاسي مسعود,Hassi Messaoud,30,ورقلة,Ouargla
1089,عين البيضاء,Ain Beida,سيدي خويلد,Sidi Khouiled,30,ورقلة,Ouargla
1095,حاسي بن عبد الله,Hassi Ben Abdellah,سيدي خويلد,Sidi Khouiled,30,ورقلة,Ouargla
1103,سيدي خويلد,Sidi Khouiled,سيدي خويلد,Sidi Khouiled,30,ورقلة,Ouargla
1093,البرمة,El Borma,البرمة,El Borma,30,ورقلة,Ouargla
1102,الرويسات,Rouissat,ورقلة,Ouargla,30,ورقلة,Ouargla
1100,انقوسة,N'goussa,انقوسة,N'goussa,30,ورقلة,Ouargla
1134,سيدي الشحمي,Sidi Chami,السانية,Es Senia,31,وهران,Oran
1127,حاسي مفسوخ,Hassi Mefsoukh,قديل,Gdyel,31,وهران,Oran
1116,بئر الجير,Bir El Djir,بئر الجير,Bir El Djir,31,وهران,Oran
1125,حاسي بن عقبة,Hassi Ben Okba,بئر الجير,Bir El Djir,31,وهران,Oran
1124,قديل,Gdyel,قديل,Gdyel,31,وهران,Oran
1126,حاسي بونيف,Hassi Bounif,بئر الجير,Bir El Djir,31,وهران,Oran
1122,الكرمة,El Kerma,السانية,Es Senia,31,وهران,Oran
1123,السانية,Es Senia,السانية,Es Senia,31,وهران,Oran
1114,بن فريحة,Ben Freha,قديل,Gdyel,31,وهران,Oran
1113,أرزيو,Arzew,أرزيو,Arzew,31,وهران,Oran
1133,سيدي بن يبقى,Sidi Ben Yebka,أرزيو,Arzew,31,وهران,Oran
1110,عين البية,Ain Biya,بطيوة,Bethioua,31,وهران,Oran
1115,بطيوة,Bethioua,بطيوة,Bethioua,31,وهران,Oran
1128,مرسى الحجاج,Marsat El Hadjadj,بطيوة,Bethioua,31,وهران,Oran
1112,عين الترك,Ain Turk,عين الترك,Ain Turk,31,وهران,Oran
1131,وهران,Oran,وهران,Oran,31,وهران,Oran
1120,العنصر,El Ancor,عين الترك,Ain Turk,31,وهران,Oran
1129,المرسى الكبير,Mers El Kebir,عين الترك,Ain Turk,31,وهران,Oran
1117,بوفاتيس,Boufatis,وادي تليلات,Oued Tlelat,31,وهران,Oran
1121,البراية,El Braya,وادي تليلات,Oued Tlelat,31,وهران,Oran
1132,وادي تليلات,Oued Tlelat,وادي تليلات,Oued Tlelat,31,وهران,Oran
1111,عين الكرمة,Ain Kerma,بوتليليس,Boutlelis,31,وهران,Oran
1119,بوتليليس,Boutlelis,بوتليليس,Boutlelis,31,وهران,Oran
1130,مسرغين,Messerghin,بوتليليس,Boutlelis,31,وهران,Oran
1118,بوسفر,Bousfer,عين الترك,Ain Turk,31,وهران,Oran
1135,طفراوي,Tafraoui,وادي تليلات,Oued Tlelat,31,وهران,Oran
1136,عين العراك,Ain El Orak,الأبيض سيدي الشيخ,Labiodh Sidi Cheikh,32,البيض,El Bayadh
1151,كراكدة,Krakda,بريزينة,Brezina,32,البيض,El Bayadh
1154,سيدي سليمان,Sidi Slimane,بوعلام,Boualem,32,البيض,El Bayadh
1153,سيدي عامر,Sidi Ameur,بوعلام,Boualem,32,البيض,El Bayadh
1138,بوعلام,Boualem,بوعلام,Boualem,32,البيض,El Bayadh
1146,البنود,El Bnoud,الأبيض سيدي الشيخ,Labiodh Sidi Cheikh,32,البيض,El Bayadh
1139,بوقطب,Bougtoub,بوقطب,Bougtoub,32,البيض,El Bayadh
1147,الخيثر,El Kheiter,بوقطب,Bougtoub,32,البيض,El Bayadh
1157,توسمولين,Tousmouline,بوقطب,Bougtoub,32,البيض,El Bayadh
1155,سيدي طيفور,Sidi Tiffour,بوعلام,Boualem,32,البيض,El Bayadh
1156,ستيتن,Stitten,بوعلام,Boualem,32,البيض,El Bayadh
1144,البيض,El Bayadh,البيض,El Bayadh,32,البيض,El Bayadh
1152,رقاصة,Rogassa,رقاصة,Rogassa,32,البيض,El Bayadh
1148,المحرة,El Mehara,شلالة,Chellala,32,البيض,El Bayadh
1150,الكاف الأحمر,Kef El Ahmar,رقاصة,Rogassa,32,البيض,El Bayadh
1141,بريزينة,Brezina,بريزينة,Brezina,32,البيض,El Bayadh
1149,الغاسول,Ghassoul,بريزينة,Brezina,32,البيض,El Bayadh
1145,الأبيض سيدي الشيخ,Labiodh Sidi Cheikh,الأبيض سيدي الشيخ,Labiodh Sidi Cheikh,32,البيض,El Bayadh
1140,بوسمغون,Boussemghoun,بوسمغون,Boussemghoun,32,البيض,El Bayadh
1142,الشقيق,Cheguig,رقاصة,Rogassa,32,البيض,El Bayadh
1143,شلالة,Chellala,شلالة,Chellala,32,البيض,El Bayadh
1137,اربوات,Arbaouat,الأبيض سيدي الشيخ,Labiodh Sidi Cheikh,32,البيض,El Bayadh
1159,برج عمر إدريس,Bordj Omar Driss,إن أمناس,In Amenas,33,إليزي,Illizi
1160,دبداب,Debdeb,إن أمناس,In Amenas,33,إليزي,Illizi
1163,إن أمناس,In Amenas,إن أمناس,In Amenas,33,إليزي,Illizi
1162,إيليزي,Illizi,إيليزي,Illizi,33,إليزي,Illizi
1177,الحمادية,Elhammadia,الحمادية,El Hamadia,34,برج بوعريريج,Bordj Bou Arreridj
1189,أولاد سيدي ابراهيم,Ouled Sidi-Brahim,المنصورة,Mansourah,34,برج بوعريريج,Bordj Bou Arreridj
1164,عين تاغروت,Ain Taghrout,عين تاغروت,Ain Taghrout,34,برج بوعريريج,Bordj Bou Arreridj
1197,تيكستار,Tixter,عين تاغروت,Ain Taghrout,34,برج بوعريريج,Bordj Bou Arreridj
1167,بليمور,Belimour,برج الغدير,Bordj Ghedir,34,برج بوعريريج,Bordj Bou Arreridj
1176,العناصر,El Annasseur,برج الغدير,Bordj Ghedir,34,برج بوعريريج,Bordj Bou Arreridj
1180,غيلاسة,Ghailasa,برج الغدير,Bordj Ghedir,34,برج بوعريريج,Bordj Bou Arreridj
1194,تقلعيت,Taglait,برج الغدير,Bordj Ghedir,34,برج بوعريريج,Bordj Bou Arreridj
1170,برج الغدير,Bordj Ghedir,برج الغدير,Bordj Ghedir,34,برج بوعريريج,Bordj Bou Arreridj
1174,العش,El Euch,الحمادية,El Hamadia,34,برج بوعريريج,Bordj Bou Arreridj
1192,سيدي أمبارك,Sidi-Embarek,بئر قاصد علي,Bir Kasdali,34,برج بوعريريج,Bordj Bou Arreridj
1183,خليل,Khelil,بئر قاصد علي,Bir Kasdali,34,برج بوعريريج,Bordj Bou Arreridj
1169,بئر قاصد علي,Bir Kasdali,بئر قاصد علي,Bir Kasdali,34,برج بوعريريج,Bordj Bou Arreridj
1193,تفرق,Tefreg,جعافرة,Djaafra,34,برج بوعريريج,Bordj Bou Arreridj
1178,الماين,El Main,جعافرة,Djaafra,34,برج بوعريريج,Bordj Bou Arreridj
1173,جعافرة,Djaafra,جعافرة,Djaafra,34,برج بوعريريج,Bordj Bou Arreridj
1172,القلة,Colla,جعافرة,Djaafra,34,برج بوعريريج,Bordj Bou Arreridj
1196,ثنية النصر,Teniet En Nasr,مجانة,Medjana,34,برج بوعريريج,Bordj Bou Arreridj
1179,المهير,El M'hir,المنصورة,Mansourah,34,برج بوعريريج,Bordj Bou Arreridj
1184,القصور,Ksour,الحمادية,El Hamadia,34,برج بوعريريج,Bordj Bou Arreridj
1185,المنصورة,Mansoura,المنصورة,Mansourah,34,برج بوعريريج,Bordj Bou Arreridj
1181,حرازة,Haraza,المنصورة,Mansourah,34,برج بوعريريج,Bordj Bou Arreridj
1190,الرابطة,Rabta,الحمادية,El Hamadia,34,برج بوعريريج,Bordj Bou Arreridj
1175,الياشير,El Achir,مجانة,Medjana,34,برج بوعريريج,Bordj Bou Arreridj
1182,حسناوة,Hasnaoua,مجانة,Medjana,34,برج بوعريريج,Bordj Bou Arreridj
1186,مجانة,Medjana,مجانة,Medjana,34,برج بوعريريج,Bordj Bou Arreridj
1165,عين تسرة,Ain Tesra,رأس الوادي,Ras El Oued,34,برج بوعريريج,Bordj Bou Arreridj
1187,أولاد أبراهم,Ouled Brahem,رأس الوادي,Ras El Oued,34,برج بوعريريج,Bordj Bou Arreridj
1191,رأس الوادي,Ras El Oued,رأس الوادي,Ras El Oued,34,برج بوعريريج,Bordj Bou Arreridj
1171,برج زمورة,Bordj Zemmoura,برج زمورة,Bordj Zemmoura,34,برج بوعريريج,Bordj Bou Arreridj
1188,أولاد دحمان,Ouled Dahmane,برج زمورة,Bordj Zemmoura,34,برج بوعريريج,Bordj Bou Arreridj
1195,تسامرت,Tassamert,برج زمورة,Bordj Zemmoura,34,برج بوعريريج,Bordj Bou Arreridj
1166,برج بوعريرج,B. B. Arreridj,برج بوعريريج,Bordj Bou Arreridj,34,برج بوعريريج,Bordj Bou Arreridj
1168,بن داود,Ben Daoud,المنصورة,Mansourah,34,برج بوعريريج,Bordj Bou Arreridj
1212,الخروبة,El Kharrouba,بودواو,Boudouaou,35,بومرداس,Boumerdès
1210,دلس,Dellys,دلس,Dellys,35,بومرداس,Boumerdès
1201,بن شود,Ben Choud,دلس,Dellys,35,بومرداس,Boumerdès
1198,أعفير,Afir,دلس,Dellys,35,بومرداس,Boumerdès
1226,الثنية,Thenia,الثنية,Thenia,35,بومرداس,Boumerdès
1202,بني عمران,Beni Amrane,الثنية,Thenia,35,بومرداس,Boumerdès
1215,خميس الخشنة,Khemis El Khechna,خميس الخشنة,Khemis El Khechna,35,بومرداس,Boumerdès
1199,عمال,Ammal,الثنية,Thenia,35,بومرداس,Boumerdès
1228,تيمزريت,Timezrit,يسر,Isser,35,بومرداس,Boumerdès
1229,زموري,Zemmouri,برج منايل,Bordj Menaiel,35,بومرداس,Boumerdès
1216,الاربعطاش,Larbatache,خميس الخشنة,Khemis El Khechna,35,بومرداس,Boumerdès
1214,يسر,Isser,يسر,Isser,35,بومرداس,Boumerdès
1208,شعبة العامر,Chabet El Ameur,يسر,Isser,35,بومرداس,Boumerdès
1219,أولاد عيسى,Ouled Aissa,الناصرية,Naciria,35,بومرداس,Boumerdès
1218,الناصرية,Naciria,الناصرية,Naciria,35,بومرداس,Boumerdès
1207,بوزقزة قدارة,Bouzegza Keddara,بودواو,Boudouaou,35,بومرداس,Boumerdès
1224,سوق الحد,Souk El Had,الثنية,Thenia,35,بومرداس,Boumerdès
1223,سيدي داود,Sidi Daoud,بغلية,Baghlia,35,بومرداس,Boumerdès
1200,بغلية,Baghlia,بغلية,Baghlia,35,بومرداس,Boumerdès
1217,لقاطة,Leghata,برج منايل,Bordj Menaiel,35,بومرداس,Boumerdès
1211,جنات,Djinet,برج منايل,Bordj Menaiel,35,بومرداس,Boumerdès
1227,تيجلابين,Tidjelabine,بومرداس,Boumerdes,35,بومرداس,Boumerdès
1222,سي مصطفى,Si Mustapha,يسر,Isser,35,بومرداس,Boumerdès
1220,أولاد هداج,Ouled Hedadj,بودواو,Boudouaou,35,بومرداس,Boumerdès
1221,أولاد موسى,Ouled Moussa,خميس الخشنة,Khemis El Khechna,35,بومرداس,Boumerdès
1206,بومرداس,Boumerdes,بومرداس,Boumerdes,35,بومرداس,Boumerdès
1209,قورصو,Corso,بومرداس,Boumerdes,35,بومرداس,Boumerdès
1203,برج منايل,Bordj Menaiel,برج منايل,Bordj Menaiel,35,بومرداس,Boumerdès
1204,بودواو,Boudouaou,بودواو,Boudouaou,35,بومرداس,Boumerdès
1205,بودواو البحري,Boudouaou El Bahri,بودواو,Boudouaou,35,بومرداس,Boumerdès
1225,تاورقة,Taourga,بغلية,Baghlia,35,بومرداس,Boumerdès
1213,حمادي,Hammedi,خميس الخشنة,Khemis El Khechna,35,بومرداس,Boumerdès
1230,عين العسل,Ain El Assel,الطارف,El Tarf,36,الطارف,El Tarf
1236,بوقوس,Bougous,الطارف,El Tarf,36,الطارف,El Tarf
1246,الطارف,El Tarf,الطارف,El Tarf,36,الطارف,El Tarf
1253,الزيتونة,Zitouna,الطارف,El Tarf,36,الطارف,El Tarf
1235,البسباس,Besbes,البسباس,Besbes,36,الطارف,El Tarf
1231,عين الكرمة,Ain Kerma,بوحجار,Bouhadjar,36,الطارف,El Tarf
1237,بوحجار,Bouhadjar,بوحجار,Bouhadjar,36,الطارف,El Tarf
1247,حمام بني صالح,Hammam Beni Salah,بوحجار,Bouhadjar,36,الطارف,El Tarf
1249,وادي الزيتون,Oued Zitoun,بوحجار,Bouhadjar,36,الطارف,El Tarf
1233,بن مهيدي,Ben M Hidi,بن مهيدي,Ben M'hidi,36,الطارف,El Tarf
1234,بريحان,Berrihane,بن مهيدي,Ben M'hidi,36,الطارف,El Tarf
1239,شبيطة مختار,Chebaita Mokhtar,الذرعان,Drean,36,الطارف,El Tarf
1243,الشط,Echatt,بن مهيدي,Ben M'hidi,36,الطارف,El Tarf
1244,العيون,El Aioun,القالة,El Kala,36,الطارف,El Tarf
1245,القالة,El Kala,القالة,El Kala,36,الطارف,El Tarf
1251,السوارخ,Souarekh,القالة,El Kala,36,الطارف,El Tarf
1252,زريزر,Zerizer,البسباس,Besbes,36,الطارف,El Tarf
1238,بوثلجة,Bouteldja,بوثلجة,Bouteldja,36,الطارف,El Tarf
1240,الشافية,Chefia,بوثلجة,Bouteldja,36,الطارف,El Tarf
1248,بحيرة الطيور,Lac Des Oiseaux,بوثلجة,Bouteldja,36,الطارف,El Tarf
1241,شحاني,Chihani,الذرعان,Drean,36,الطارف,El Tarf
1250,رمل السوق,Raml Souk,القالة,El Kala,36,الطارف,El Tarf
1232,عصفور,Asfour,البسباس,Besbes,36,الطارف,El Tarf
1242,الذرعـان,Drean,الذرعان,Drean,36,الطارف,El Tarf
1255,تندوف,Tindouf,تندوف,Tindouf,37,تندوف,Tindouf
1254,أم العسل,Oum El Assel,تندوف,Tindouf,37,تندوف,Tindouf
1262,خميستي,Khemisti,خميستي,Khemisti,38,تيسمسيلت,Tissemsilt
1275,ثنية الاحد,Theniet El Had,ثنية الاحد,Theniet El Had,38,تيسمسيلت,Tissemsilt
1269,أولاد بسام,Ouled Bessam,تيسمسيلت,Tissemsilt,38,تيسمسيلت,Tissemsilt
1271,سيدي بوتوشنت,Sidi Boutouchent,ثنية الاحد,Theniet El Had,38,تيسمسيلت,Tissemsilt
1276,تيسمسيلت,Tissemsilt,تيسمسيلت,Tissemsilt,38,تيسمسيلت,Tissemsilt
1272,سيدي العنتري,Sidi Lantri,لرجام,Lardjem,38,تيسمسيلت,Tissemsilt
1257,بني شعيب,Beni Chaib,برج بونعامة,Bordj Bounaama,38,تيسمسيلت,Tissemsilt
1258,بني لحسن,Beni Lahcene,برج بونعامة,Bordj Bounaama,38,تيسمسيلت,Tissemsilt
1270,سيدي عابد,Sidi Abed,عماري,Ammari,38,تيسمسيلت,Tissemsilt
1273,سيدي سليمان,Sidi Slimane,برج بونعامة,Bordj Bounaama,38,تيسمسيلت,Tissemsilt
1261,بوقائد,Boucaid,الأزهرية,Lazharia,38,تيسمسيلت,Tissemsilt
1263,الأربعاء,Larbaa,الأزهرية,Lazharia,38,تيسمسيلت,Tissemsilt
1266,الأزهرية,Lazharia,الأزهرية,Lazharia,38,تيسمسيلت,Tissemsilt
1264,لرجام,Lardjem,لرجام,Lardjem,38,تيسمسيلت,Tissemsilt
1268,الملعب,Melaab,لرجام,Lardjem,38,تيسمسيلت,Tissemsilt
1265,العيون,Layoune,خميستي,Khemisti,38,تيسمسيلت,Tissemsilt
1274,تملاحت,Tamellahet,لرجام,Lardjem,38,تيسمسيلت,Tissemsilt
1277,اليوسفية,Youssoufia,برج الأمير عبد القادر,Bordj Emir Abdelkader,38,تيسمسيلت,Tissemsilt
1260,برج الأمير عبد القادر,Bordj El Emir Abdelkader,برج الأمير عبد القادر,Bordj Emir Abdelkader,38,تيسمسيلت,Tissemsilt
1256,عماري,Ammari,عماري,Ammari,38,تيسمسيلت,Tissemsilt
1267,المعاصم,Maacem,عماري,Ammari,38,تيسمسيلت,Tissemsilt
1259,برج بونعامة,Bordj Bounaama,برج بونعامة,Bordj Bounaama,38,تيسمسيلت,Tissemsilt
1282,دوار الماء,Douar El Maa,الطالب العربي,Taleb Larbi,39,الوادي,El Oued
1283,العقلة,El Ogla,الرباح,Robbah,39,الوادي,El Oued
1291,المقرن,Magrane,المقرن,Magrane,39,الوادي,El Oued
1301,سيدي عون,Sidi Aoun,المقرن,Magrane,39,الوادي,El Oued
1292,اميه وانسة,Mih Ouansa,اميه وانسة,Mih Ouensa,39,الوادي,El Oued
1290,كوينين,Kouinine,الوادي,El Oued,39,الوادي,El Oued
1278,البياضة,Bayadha,البياضة,Bayadha,39,الوادي,El Oued
1294,النخلة,Nakhla,الرباح,Robbah,39,الوادي,El Oued
1299,الرباح,Robbah,الرباح,Robbah,39,الوادي,El Oued
1286,قمار,Guemar,قمار,Guemar,39,الوادي,El Oued
1279,بن  قشة,Ben Guecha,الطالب العربي,Taleb Larbi,39,الوادي,El Oued
1297,ورماس,Ourmes,قمار,Guemar,39,الوادي,El Oued
1304,تغزوت,Taghzout,قمار,Guemar,39,الوادي,El Oued
1287,الحمراية,Hamraia,الرقيبة,Reguiba,39,الوادي,El Oued
1298,الرقيبة,Reguiba,الرقيبة,Reguiba,39,الوادي,El Oued
1280,الدبيلة,Debila,الدبيلة,Debila,39,الوادي,El Oued
1288,حساني عبد الكريم,Hassani Abdelkrim,الدبيلة,Debila,39,الوادي,El Oued
1289,حاسي خليفة,Hassi Khalifa,حاسي خليفة,Hassi Khalifa,39,الوادي,El Oued
1307,الطريفاوي,Trifaoui,حاسي خليفة,Hassi Khalifa,39,الوادي,El Oued
1305,الطالب العربي,Taleb Larbi,الطالب العربي,Taleb Larbi,39,الوادي,El Oued
1295,وادي العلندة,Oued El Alenda,اميه وانسة,Mih Ouensa,39,الوادي,El Oued
1285,الوادي,El-Oued,الوادي,El Oued,39,الوادي,El Oued
1321,خيران,Khirane,ششار,Chechar,40,خنشلة,Khenchela
1309,بابار,Babar,بابار,Babar,40,خنشلة,Khenchela
1316,المحمل,El Mahmal,أولاد رشاش,Ouled Rechache,40,خنشلة,Khenchela
1324,أولاد رشاش,Ouled Rechache,أولاد رشاش,Ouled Rechache,40,خنشلة,Khenchela
1314,جلال,Djellal,ششار,Chechar,40,خنشلة,Khenchela
1328,يابوس,Yabous,بوحمامة,Bouhmama,40,خنشلة,Khenchela
1320,خنشلة,Khenchela,خنشلة,Khenchela,40,خنشلة,Khenchela
1319,قايس,Kais,قايس,Kais,40,خنشلة,Khenchela
1313,شلية,Chelia,بوحمامة,Bouhmama,40,خنشلة,Khenchela
1325,الرميلة,Remila,قايس,Kais,40,خنشلة,Khenchela
1327,تاوزيانت,Taouzianat,قايس,Kais,40,خنشلة,Khenchela
1310,بغاي,Baghai,الحامة,El Hamma,40,خنشلة,Khenchela
1315,الحامة,El Hamma,الحامة,El Hamma,40,خنشلة,Khenchela
1318,انسيغة,Ensigha,الحامة,El Hamma,40,خنشلة,Khenchela
1326,طامزة,Tamza,الحامة,El Hamma,40,خنشلة,Khenchela
1308,عين الطويلة,Ain Touila,عين الطويلة,Ain Touila,40,خنشلة,Khenchela
1323,متوسة,M'toussa,عين الطويلة,Ain Touila,40,خنشلة,Khenchela
1311,بوحمامة,Bouhmama,بوحمامة,Bouhmama,40,خنشلة,Khenchela
1317,الولجة,El Oueldja,ششار,Chechar,40,خنشلة,Khenchela
1322,مصارة,M'sara,بوحمامة,Bouhmama,40,خنشلة,Khenchela
1312,ششار,Chechar,ششار,Chechar,40,خنشلة,Khenchela
1349,سوق أهراس,Souk Ahras,سوق أهراس,Souk Ahras,41,سوق أهراس,Souk Ahras
1329,عين سلطان,Ain Soltane,سدراتة,Sedrata,41,سوق أهراس,Souk Ahras
1347,سدراتة,Sedrata,سدراتة,Sedrata,41,سوق أهراس,Souk Ahras
1334,الحنانشة,Hanencha,المشروحة,Mechroha,41,سوق أهراس,Souk Ahras
1337,المشروحة,Machroha,المشروحة,Mechroha,41,سوق أهراس,Souk Ahras
1330,عين الزانة,Ain Zana,أولاد إدريس,Ouled Driss,41,سوق أهراس,Souk Ahras
1341,أولاد إدريس,Ouled Driss,أولاد إدريس,Ouled Driss,41,سوق أهراس,Souk Ahras
1351,ترقالت,Terraguelt,أم العظايم,Oum El Adhaim,41,سوق أهراس,Souk Ahras
1343,أم العظايم,Oum El Adhaim,أم العظايم,Oum El Adhaim,41,سوق أهراس,Souk Ahras
1340,وادي الكبريت,Oued Kebrit,أم العظايم,Oum El Adhaim,41,سوق أهراس,Souk Ahras
1352,تيفاش,Tiffech,مداوروش,M'daourouche,41,سوق أهراس,Souk Ahras
1345,الراقوبة,Ragouba,مداوروش,M'daourouche,41,سوق أهراس,Souk Ahras
1332,الدريعة,Drea,تاورة,Taoura,41,سوق أهراس,Souk Ahras
1350,تاورة,Taoura,تاورة,Taoura,41,سوق أهراس,Souk Ahras
1353,الزعرورية,Zaarouria,تاورة,Taoura,41,سوق أهراس,Souk Ahras
1333,الحدادة,Haddada,الحدادة,Haddada,41,سوق أهراس,Souk Ahras
1335,الخضارة,Khedara,الحدادة,Haddada,41,سوق أهراس,Souk Ahras
1342,أولاد مومن,Ouled Moumen,الحدادة,Haddada,41,سوق أهراس,Souk Ahras
1339,المراهنة,Merahna,المراهنة,Merahna,41,سوق أهراس,Souk Ahras
1344,ويلان,Ouillen,المراهنة,Merahna,41,سوق أهراس,Souk Ahras
1348,سيدي فرج,Sidi Fredj,المراهنة,Merahna,41,سوق أهراس,Souk Ahras
1331,بئر بوحوش,Bir Bouhouche,بئر بوحوش,Bir Bouhouche,41,سوق أهراس,Souk Ahras
1346,سافل الويدان,Safel El Ouiden,بئر بوحوش,Bir Bouhouche,41,سوق أهراس,Souk Ahras
1336,خميسة,Khemissa,سدراتة,Sedrata,41,سوق أهراس,Souk Ahras
1338,مداوروش,M'daourouche,مداوروش,M'daourouche,41,سوق أهراس,Souk Ahras
1354,الزوابي,Zouabi,بئر بوحوش,Bir Bouhouche,41,سوق أهراس,Souk Ahras
1369,حجوط,Hadjout,حجوط,Hadjout,42,تيبازة,Tipaza
1375,مراد,Merad,حجوط,Hadjout,42,تيبازة,Tipaza
1374,مناصر,Menaceur,سيدي أعمر,Sidi Amar,42,تيبازة,Tipaza
1355,أغبال,Aghbal,قوراية,Gouraya,42,تيبازة,Tipaza
1377,الناظور,Nador,سيدي أعمر,Sidi Amar,42,تيبازة,Tipaza
1381,سيدي عامر,Sidi-Amar,سيدي أعمر,Sidi Amar,42,تيبازة,Tipaza
1368,قوراية,Gouraya,قوراية,Gouraya,42,تيبازة,Tipaza
1376,مسلمون,Messelmoun,قوراية,Gouraya,42,تيبازة,Tipaza
1364,شرشال,Cherchell,شرشال,Cherchell,42,تيبازة,Tipaza
1370,حجرة النص,Hadjret Ennous,شرشال,Cherchell,42,تيبازة,Tipaza
1378,سيدي غيلاس,Sidi Ghiles,شرشال,Cherchell,42,تيبازة,Tipaza
1365,الداموس,Damous,الداموس,Damous,42,تيبازة,Tipaza
1373,الأرهاط,Larhat,الداموس,Damous,42,تيبازة,Tipaza
1367,فوكة,Fouka,فوكة,Fouka,42,تيبازة,Tipaza
1357,عين تاقورايت,Ain Tagourait,بواسماعيل,Bou Ismail,42,تيبازة,Tipaza
1360,بوهارون,Bou Haroun,بواسماعيل,Bou Ismail,42,تيبازة,Tipaza
1361,بواسماعيل,Bou Ismail,بواسماعيل,Bou Ismail,42,تيبازة,Tipaza
1371,خميستي,Khemisti,بواسماعيل,Bou Ismail,42,تيبازة,Tipaza
1356,أحمر العين,Ahmer El Ain,أحمر العين,Ahmar El Ain,42,تيبازة,Tipaza
1362,بورقيقة,Bourkika,أحمر العين,Ahmar El Ain,42,تيبازة,Tipaza
1366,دواودة,Douaouda,فوكة,Fouka,42,تيبازة,Tipaza
1379,سيدي راشد,Sidi Rached,أحمر العين,Ahmar El Ain,42,تيبازة,Tipaza
1358,الحطاطبة,Attatba,القليعة,Kolea,42,تيبازة,Tipaza
1363,الشعيبة,Chaiba,القليعة,Kolea,42,تيبازة,Tipaza
1372,القليعة,Kolea,القليعة,Kolea,42,تيبازة,Tipaza
1380,سيدي سميان,Sidi Semiane,شرشال,Cherchell,42,تيبازة,Tipaza
1382,تيبازة,Tipaza,تيبازة,Tipaza,42,تيبازة,Tipaza
1359,بني ميلك,Beni Mileuk,الداموس,Damous,42,تيبازة,Tipaza
1394,مشيرة,El Mechira,التلاغمة,Teleghma,43,ميلة,Mila
1393,العياضي برباس,El Ayadi Barbes,عين البيضاء أحريش,Ain Beida Harriche,43,ميلة,Mila
1384," عين البيضاء أحريش",Ain Beida Harriche,عين البيضاء أحريش,Ain Beida Harriche,43,ميلة,Mila
1411,تسالة لمطاعي,Tassala Lematai,ترعي باينان,Terrai Bainen,43,ميلة,Mila
1410,ترعي باينان,Terrai Bainen,ترعي باينان,Terrai Bainen,43,ميلة,Mila
1387,اعميرة اراس,Amira Arres,ترعي باينان,Terrai Bainen,43,ميلة,Mila
1408,تسدان حدادة,Tassadane Haddada,تسدان حدادة,Tassadane Haddada,43,ميلة,Mila
1399,مينار زارزة,Minar Zarza,تسدان حدادة,Tassadane Haddada,43,ميلة,Mila
1406,سيدي مروان,Sidi Merouane,سيدي مروان,Sidi Merouane,43,ميلة,Mila
1391,الشيقارة,Chigara,سيدي مروان,Sidi Merouane,43,ميلة,Mila
1397,حمالة,Hamala,القرارم قوقة,Grarem Gouga,43,ميلة,Mila
1396,القرارم قوقة,Grarem Gouga,القرارم قوقة,Grarem Gouga,43,ميلة,Mila
1412,تيبرقنت,Tiberguent,الرواشد,Rouached,43,ميلة,Mila
1404,الرواشد,Rouached,الرواشد,Rouached,43,ميلة,Mila
1392,دراحي بوصلاح,Derrahi Bousselah,بوحاتم,Bouhatem,43,ميلة,Mila
1414,زغاية,Zeghaia,وادي النجاء,Oued Endja,43,ميلة,Mila
1401,وادي النجاء,Oued Endja,وادي النجاء,Oued Endja,43,ميلة,Mila
1383,أحمد راشدي,Ahmed Rachedi,وادي النجاء,Oued Endja,43,ميلة,Mila
1407,تاجنانت,Tadjenanet,تاجنانت,Tadjenanet,43,ميلة,Mila
1385,عين الملوك,Ain Mellouk,شلغوم العيد,Chelghoum Laid,43,ميلة,Mila
1403,أولاد اخلوف,Ouled Khalouf,تاجنانت,Tadjenanet,43,ميلة,Mila
1388,بن يحي عبد الرحمن,Benyahia Abderrahmane,تاجنانت,Tadjenanet,43,ميلة,Mila
1409,التلاغمة,Teleghma,التلاغمة,Teleghma,43,ميلة,Mila
1402,وادي سقان,Oued Seguen,التلاغمة,Teleghma,43,ميلة,Mila
1400,وادي العثمانية,Oued Athmenia,شلغوم العيد,Chelghoum Laid,43,ميلة,Mila
1386,عين التين,Ain Tine,ميلة,Mila,43,ميلة,Mila
1390,شلغوم العيد,Chelghoum Laid,شلغوم العيد,Chelghoum Laid,43,ميلة,Mila
1413,يحي بني قشة,Yahia Beniguecha,فرجيوة,Ferdjioua,43,ميلة,Mila
1395,فرجيوة,Ferdjioua,فرجيوة,Ferdjioua,43,ميلة,Mila
1405,سيدي خليفة,Sidi Khelifa,ميلة,Mila,43,ميلة,Mila
1398,ميلة,Mila,ميلة,Mila,43,ميلة,Mila
1389,بوحاتم,Bouhatem,بوحاتم,Bouhatem,43,ميلة,Mila
1440,خميس مليانة,Khemis-Miliana,خميس,Khemis,44,عين الدفلة,Aïn Defla
1446,سيدي الأخضر,Sidi-Lakhdar,خميس,Khemis,44,عين الدفلة,Aïn Defla
1415,عين البنيان,Ain-Benian,حمام ريغة,Hammam Righa,44,عين الدفلة,Aïn Defla
1420,عين التركي,Ain-Torki,حمام ريغة,Hammam Righa,44,عين الدفلة,Aïn Defla
1437,حمام ريغة,Hammam-Righa,حمام ريغة,Hammam Righa,44,عين الدفلة,Aïn Defla
1429,بوراشد,Bourached,جليدة,Djelida,44,عين الدفلة,Aïn Defla
1439,الحسينية,Hoceinia,بومدفع,Boumedfaa,44,عين الدفلة,Aïn Defla
1430,جليدة,Djelida,جليدة,Djelida,44,عين الدفلة,Aïn Defla
1421,عريب,Arib,العامرة,El Amra,44,عين الدفلة,Aïn Defla
1431,جمعة أولاد الشيخ,Djemaa Ouled Cheikh,جليدة,Djelida,44,عين الدفلة,Aïn Defla
1434,العامرة,El-Amra,العامرة,El Amra,44,عين الدفلة,Aïn Defla
1435,العطاف,El-Attaf,العطاف,El Attaf,44,عين الدفلة,Aïn Defla
1449,تبركانين,Tiberkanine,العطاف,El Attaf,44,عين الدفلة,Aïn Defla
1416,عين بويحيى,Ain-Bouyahia,العبادية,El Abadia,44,عين الدفلة,Aïn Defla
1433,العبادية,El-Abadia,العبادية,El Abadia,44,عين الدفلة,Aïn Defla
1447,تاشتة زقاغة,Tacheta Zegagha,العبادية,El Abadia,44,عين الدفلة,Aïn Defla
1422,بربوش,Birbouche,جندل,Djendel,44,عين الدفلة,Aïn Defla
1432,جندل,Djendel,جندل,Djendel,44,عين الدفلة,Aïn Defla
1425,بن علال,Ben Allal,مليانة,Miliana,44,عين الدفلة,Aïn Defla
1443,وادي الشرفاء,Oued Chorfa,جندل,Djendel,44,عين الدفلة,Aïn Defla
1428,بومدفع,Boumedfaa,بومدفع,Boumedfaa,44,عين الدفلة,Aïn Defla
1418,عين الاشياخ,Ain-Lechiakh,عين الاشياخ,Ain Lechiakh,44,عين الدفلة,Aïn Defla
1419,عين السلطان,Ain-Soltane,عين الاشياخ,Ain Lechiakh,44,عين الدفلة,Aïn Defla
1444,واد الجمعة,Oued Djemaa,عين الاشياخ,Ain Lechiakh,44,عين الدفلة,Aïn Defla
1436,الماين,El-Maine,الروينة,Rouina,44,عين الدفلة,Aïn Defla
1445,الروينة,Rouina,الروينة,Rouina,44,عين الدفلة,Aïn Defla
1450,زدين,Zeddine,الروينة,Rouina,44,عين الدفلة,Aïn Defla
1426,بئر ولد خليفة,Bir-Ould-Khelifa,برج الأمير خالد,Bordj El Emir Khaled,44,عين الدفلة,Aïn Defla
1427,برج الأمير خالد,Bordj-Emir-Khaled,برج الأمير خالد,Bordj El Emir Khaled,44,عين الدفلة,Aïn Defla
1448,طارق بن زياد,Tarik-Ibn-Ziad,برج الأمير خالد,Bordj El Emir Khaled,44,عين الدفلة,Aïn Defla
1423,بطحية,Bathia,بطحية,Bathia,44,عين الدفلة,Aïn Defla
1424,بلعاص,Belaas,بطحية,Bathia,44,عين الدفلة,Aïn Defla
1438,الحسانية,Hassania,بطحية,Bathia,44,عين الدفلة,Aïn Defla
1417,عين الدفلى,Ain-Defla,عين الدفلى,Ain Defla,44,عين الدفلة,Aïn Defla
1442,مليانة,Miliana,مليانة,Miliana,44,عين الدفلة,Aïn Defla
1441,المخاطرية,Mekhatria,العامرة,El Amra,44,عين الدفلة,Aïn Defla
1462,تيوت,Tiout,عين الصفراء,Ain Sefra,45,النعامة,Naâma
1459,مغرار,Moghrar,مغرار,Moghrar,45,النعامة,Naâma
1453,عسلة,Asla,عسلة,Asla,45,النعامة,Naâma
1456,القصدير,Kasdir,مكمن بن عمار,Mekmen Ben Amar,45,النعامة,Naâma
1457,مكمن بن عمار,Makmen Ben Amar,مكمن بن عمار,Mekmen Ben Amar,45,النعامة,Naâma
1452,عين الصفراء,Ain Sefra,عين الصفراء,Ain Sefra,45,النعامة,Naâma
1458,المشرية,Mecheria,المشرية,Mecheria,45,النعامة,Naâma
1455,البيوض,El Biodh,المشرية,Mecheria,45,النعامة,Naâma
1451,عين بن خليل,Ain Ben Khelil,المشرية,Mecheria,45,النعامة,Naâma
1460,النعامة,Naama,النعامة,Naama,45,النعامة,Naâma
1454,جنين بورزق,Djenienne Bourezg,مغرار,Moghrar,45,النعامة,Naâma
1461,سفيسيفة,Sfissifa,سفيسيفة,Sfissifa,45,النعامة,Naâma
1486,سيدي بومدين,Sidi Boumediene,عين الأربعاء,Ain Larbaa,46,عين تيموشنت,Aïn Témouchent
1489,تامزورة,Tamzoura,عين الأربعاء,Ain Larbaa,46,عين تيموشنت,Aïn Témouchent
1471,شعبة اللحم,Chaabat El Ham,المالح,El Maleh,46,عين تيموشنت,Aïn Témouchent
1474,المالح,El Maleh,المالح,El Maleh,46,عين تيموشنت,Aïn Témouchent
1483,أولاد الكيحل,Ouled Kihal,المالح,El Maleh,46,عين تيموشنت,Aïn Témouchent
1472,شنتوف,Chentouf,حمام بوحجر,Hammam Bou Hadjar,46,عين تيموشنت,Aïn Témouchent
1490,تارقة,Terga,المالح,El Maleh,46,عين تيموشنت,Aïn Témouchent
1481,وادي الصباح,Oued Sebbah,عين الأربعاء,Ain Larbaa,46,عين تيموشنت,Aïn Témouchent
1473,العامرية,El Amria,العامرية,El Amria,46,عين تيموشنت,Aïn Témouchent
1479,حاسي الغلة,Hassi El Ghella,العامرية,El Amria,46,عين تيموشنت,Aïn Témouchent
1482,أولاد بوجمعة,Ouled Boudjemaa,العامرية,El Amria,46,عين تيموشنت,Aïn Témouchent
1463,أغلال,Aghlal,عين الكيحل,Ain Kihel,46,عين تيموشنت,Aïn Témouchent
1465,عين الكيحل,Ain Kihal,عين الكيحل,Ain Kihel,46,عين تيموشنت,Aïn Témouchent
1467,عين الطلبة,Ain Tolba,عين الكيحل,Ain Kihel,46,عين تيموشنت,Aïn Témouchent
1468,عقب الليل,Aoubellil,عين الكيحل,Ain Kihel,46,عين تيموشنت,Aïn Témouchent
1469,بني صاف,Beni Saf,بني صاف,Beni Saf,46,عين تيموشنت,Aïn Témouchent
1478,الحساسنة,Hassasna,حمام بوحجر,Hammam Bou Hadjar,46,عين تيموشنت,Aïn Témouchent
1476,الأمير عبد القادر,Emir Abdelkader,بني صاف,Beni Saf,46,عين تيموشنت,Aïn Témouchent
1488,سيدي صافي,Sidi Safi,بني صاف,Beni Saf,46,عين تيموشنت,Aïn Témouchent
1484,ولهاصة الغرابة,Oulhaca El Gheraba,ولهاصة الغرابة,Oulhassa Gheraba,46,عين تيموشنت,Aïn Témouchent
1487,سيدي ورياش,Sidi Ouriache,ولهاصة الغرابة,Oulhassa Gheraba,46,عين تيموشنت,Aïn Témouchent
1464,عين الأربعاء,Ain El Arbaa,عين الأربعاء,Ain Larbaa,46,عين تيموشنت,Aïn Témouchent
1475,المساعيد,El Messaid,العامرية,El Amria,46,عين تيموشنت,Aïn Témouchent
1480,وادي برقش,Oued Berkeche,حمام بوحجر,Hammam Bou Hadjar,46,عين تيموشنت,Aïn Témouchent
1485,سيدي بن عدة,Sidi Ben Adda,عين تموشنت,Ain Temouchent,46,عين تيموشنت,Aïn Témouchent
1466,عين تموشنت,Ain Temouchent,عين تموشنت,Ain Temouchent,46,عين تيموشنت,Aïn Témouchent
1470,بوزجار,Bouzedjar,العامرية,El Amria,46,عين تيموشنت,Aïn Témouchent
1477,حمام بوحجر,Hammam Bou Hadjar,حمام بوحجر,Hammam Bou Hadjar,46,عين تيموشنت,Aïn Témouchent
1493,ضاية بن ضحوة,Dhayet Bendhahoua,ضاية بن ضحوة,Dhayet Ben Dhahoua,47,غرداية,Ghardaïa
1500,المنصورة,Mansoura,المنصورة,Mansourah,47,غرداية,Ghardaïa
1494,العطف,El Atteuf,بونورة,Bounoura,47,غرداية,Ghardaïa
1492,بونورة,Bounoura,بونورة,Bounoura,47,غرداية,Ghardaïa
1503,زلفانة,Zelfana,زلفانة,Zelfana,47,غرداية,Ghardaïa
1497,القرارة,El Guerrara,القرارة,El Guerrara,47,غرداية,Ghardaïa
1502,سبسب,Sebseb,متليلي,Metlili,47,غرداية,Ghardaïa
1501,متليلي,Metlili,متليلي,Metlili,47,غرداية,Ghardaïa
1491,بريان,Berriane,بريان,Berriane,47,غرداية,Ghardaïa
1496,غرداية,Ghardaia,غرداية,Ghardaia,47,غرداية,Ghardaïa
1516,القطار,El-Guettar,مازونة,Mazouna,48,غليزان,Relizane
1530,أولاد يعيش,Ouled Aiche,عمي موسى,Ammi Moussa,48,غليزان,Relizane
1509,بني درقن,Beni Dergoun,زمورة,Zemmoura,48,غليزان,Relizane
1511,دار بن عبد الله,Dar Ben Abdelah,زمورة,Zemmoura,48,غليزان,Relizane
1541,زمورة,Zemmoura,زمورة,Zemmoura,48,غليزان,Relizane
1512,جديوية,Djidiouia,جديوية,Djidiouia,48,غليزان,Relizane
1519,حمري,Hamri,جديوية,Djidiouia,48,غليزان,Relizane
1507,بلعسل بوزقزة,Belaassel Bouzagza,المطمر,El Matmar,48,غليزان,Relizane
1517,المطمر,El-Matmar,المطمر,El Matmar,48,غليزان,Relizane
1534,سيدي  خطاب,Sidi Khettab,المطمر,El Matmar,48,غليزان,Relizane
1537,سيدي امحمد بن عودة,Sidi M'hamed Benaouda,المطمر,El Matmar,48,غليزان,Relizane
1505,عين طارق,Ain-Tarek,عين طارق,Ain Tarek,48,غليزان,Relizane
1518,حد الشكالة,Had Echkalla,عين طارق,Ain Tarek,48,غليزان,Relizane
1515,الولجة,El Ouldja,عمي موسى,Ammi Moussa,48,غليزان,Relizane
1522,مازونة,Mazouna,مازونة,Mazouna,48,غليزان,Relizane
1504,عين الرحمة,Ain Rahma,يلل,Yellel,48,غليزان,Relizane
1520,القلعة,Kalaa,يلل,Yellel,48,غليزان,Relizane
1538,سيدي سعادة,Sidi Saada,يلل,Yellel,48,غليزان,Relizane
1540,يلل,Yellel,يلل,Yellel,48,غليزان,Relizane
1539,سوق الحد,Souk El Had,الرمكة,Ramka,48,غليزان,Relizane
1524,منداس,Mendes,منداس,Mendes,48,غليزان,Relizane
1528,وادي السلام,Oued Essalem,منداس,Mendes,48,غليزان,Relizane
1535,سيدي لزرق,Sidi Lazreg,منداس,Mendes,48,غليزان,Relizane
1506,عمي موسى,Ammi Moussa,عمي موسى,Ammi Moussa,48,غليزان,Relizane
1526,واريزان,Ouarizane,وادي رهيو,Oued Rhiou,48,غليزان,Relizane
1525,مرجة سيدي عابد,Merdja Sidi Abed,وادي رهيو,Oued Rhiou,48,غليزان,Relizane
1531,أولاد سيدي الميهوب,Ouled Sidi Mihoub,جديوية,Djidiouia,48,غليزان,Relizane
1508,بن داود,Bendaoud,غليزان,Relizane,48,غليزان,Relizane
1529,وادي رهيو,Oued-Rhiou,وادي رهيو,Oued Rhiou,48,غليزان,Relizane
1513,الحاسي,El Hassi,عمي موسى,Ammi Moussa,48,غليزان,Relizane
1536,سيدي أمحمد بن علي,Sidi M'hamed Benali,سيدي أمحمد بن علي,Sidi M'hamed Ben Ali,48,غليزان,Relizane
1523,مديونة,Mediouna,سيدي أمحمد بن علي,Sidi M'hamed Ben Ali,48,غليزان,Relizane
1510,بني زنطيس,Beni Zentis,سيدي أمحمد بن علي,Sidi M'hamed Ben Ali,48,غليزان,Relizane
1527,وادي الجمعة,Oued El Djemaa,الحمادنة,El H'madna,48,غليزان,Relizane
1521,لحلاف,Lahlef,وادي رهيو,Oued Rhiou,48,غليزان,Relizane
1533,غليزان,Relizane,غليزان,Relizane,48,غليزان,Relizane
1514,الحمادنة,El H'madna,الحمادنة,El H'madna,48,غليزان,Relizane
1532,الرمكة,Ramka,الرمكة,Ramka,48,غليزان,Relizane
25,تنركوك,Tinerkouk,تنركوك,Tinerkouk,49,تيميمون,Timimoun
24,تيميمون,Timimoun,تيميمون,Timimoun,49,تيميمون,Timimoun
15,أولاد السعيد,Ouled Said,تيميمون,Timimoun,49,تيميمون,Timimoun
12,المطارفة,Metarfa,أوقروت,Aougrout,49,تيميمون,Timimoun
19,طالمين,Talmine,شروين,Charouine,49,تيميمون,Timimoun
14,أولاد عيسى,Ouled Aissa,شروين,Charouine,49,تيميمون,Timimoun
7,شروين,Charouine,شروين,Charouine,49,تيميمون,Timimoun
3,أوقروت,Aougrout,أوقروت,Aougrout,49,تيميمون,Timimoun
8,دلدول,Deldoul,أوقروت,Aougrout,49,تيميمون,Timimoun
11,قصر قدور,Ksar Kaddour,تنركوك,Tinerkouk,49,تيميمون,Timimoun
23,تيمياوين,Timiaouine,برج باجي مختار,Bordj Badji Mokhtar,50,برج باجي مختار,Bordj Badji Mokhtar
5,برج باجي مختار,Bordj Badji Mokhtar,برج باجي مختار,Bordj Badji Mokhtar,50,برج باجي مختار,Bordj Badji Mokhtar
258,رأس الميعاد,Ras El Miad,سيدي  خالد,Sidi Khaled,51,أولاد جلال,Ouled Djellal
232,بسباس,Besbes,سيدي  خالد,Sidi Khaled,51,أولاد جلال,Ouled Djellal
259,سيدي  خالد,Sidi Khaled,سيدي  خالد,Sidi Khaled,51,أولاد جلال,Ouled Djellal
240,الدوسن,Doucen,أولاد جلال,Ouled Djellal,51,أولاد جلال,Ouled Djellal
237,الشعيبة,Chaiba,أولاد جلال,Ouled Djellal,51,أولاد جلال,Ouled Djellal
255,أولاد جلال,Ouled Djellal,أولاد جلال,Ouled Djellal,51,أولاد جلال,Ouled Djellal
265,بني عباس,Beni-Abbes,بني عباس,Beni Abbes,52,بني عباس,Béni Abbès
282,تامترت,Tamtert,بني عباس,Beni Abbes,52,بني عباس,Béni Abbès
271,إقلي,Igli,إقلي,Igli,52,بني عباس,Béni Abbès
269,الواتة,El Ouata,الواتة,El Ouata,52,بني عباس,Béni Abbès
279,أولاد خضير,Ouled-Khodeir,أولاد خضير,Ouled Khodeir,52,بني عباس,Béni Abbès
273,كرزاز,Kerzaz,كرزاز,Kerzaz,52,بني عباس,Béni Abbès
283,تيمودي,Timoudi,كرزاز,Kerzaz,52,بني عباس,Béni Abbès
274,القصابي,Ksabi,أولاد خضير,Ouled Khodeir,52,بني عباس,Béni Abbès
266,بن يخلف,Beni-Ikhlef,كرزاز,Kerzaz,52,بني عباس,Béni Abbès
360,إينغر,Inghar,إينغر,In Ghar,53,عين صالح,In Salah
357,عين صالح,Ain Salah,عين صالح,In Salah,53,عين صالح,In Salah
358,فقارة الزوى,Foggaret Ezzoua,عين صالح,In Salah,53,عين صالح,In Salah
363,تين زواتين,Tin Zouatine,تين زواتين,Tin Zouatine,54,عين قزام,In Guezzam
356,عين قزام,Ain Guezzam,عين قزام,In Guezzam,54,عين قزام,In Guezzam
1107,تماسين,Temacine,تماسين,Temacine,55,تقرت,Touggourt
1104,سيدي سليمان,Sidi Slimane,المقارين,Megarine,55,تقرت,Touggourt
1097,المقارين,Megarine,المقارين,Megarine,55,تقرت,Touggourt
1099,النزلة,Nezla,تقرت,Touggourt,55,تقرت,Touggourt
1091,بلدة اعمر,Blidet Amor,تماسين,Temacine,55,تقرت,Touggourt
1106,تبسبست,Tebesbest,تقرت,Touggourt,55,تقرت,Touggourt
1108,تقرت,Touggourt,تقرت,Touggourt,55,تقرت,Touggourt
1105,الطيبات,Taibet,الطيبات,Taibet,55,تقرت,Touggourt
1092,العالية,El Alia,الحجيرة,El-Hadjira,55,تقرت,Touggourt
1094,الحجيرة,El-Hadjira,الحجيرة,El-Hadjira,55,تقرت,Touggourt
1090,بن ناصر,Benaceur,الطيبات,Taibet,55,تقرت,Touggourt
1098,المنقر,M'naguer,الطيبات,Taibet,55,تقرت,Touggourt
1109,الزاوية العابدية,Zaouia El Abidia,تقرت,Touggourt,55,تقرت,Touggourt
1161,جانت,Djanet,جانت,Djanet,56,جانت,Djanet
1158,برج الحواس,Bordj El Haouass,جانت,Djanet,56,جانت,Djanet
1296,أم الطيور,Oum Touyour,المغير,El Meghaier,57,المغير,El Meghaier
1300,سيدي عمران,Sidi Amrane,جامعة,Djamaa,57,المغير,El Meghaier
1293,المرارة,M'rara,جامعة,Djamaa,57,المغير,El Meghaier
1281,جامعة,Djamaa,جامعة,Djamaa,57,المغير,El Meghaier
1306,تندلة,Tenedla,جامعة,Djamaa,57,المغير,El Meghaier
1284,المغير,El-M'ghaier,المغير,El Meghaier,57,المغير,El Meghaier
1303,سطيل,Still,المغير,El Meghaier,57,المغير,El Meghaier
1302,سيدي خليل,Sidi Khelil,المغير,El Meghaier,57,المغير,El Meghaier
1495,المنيعة,El Meniaa,المنيعة,El Menia,58,المنيعة,El Menia
1499,حاسي القارة,Hassi Gara,المنيعة,El Menia,58,المنيعة,El Menia
1498,حاسي الفحل,Hassi Fehal,المنصورة,Mansourah,58,المنيعة,El Menia
